Date,Open*,High,Low,Close**,Volume,Market Cap
"Jul 22, 2024",$0.3632,$0.3649,$0.342,$0.3437,"$51,200,198","$655,796,226"
"Jul 21, 2024",$0.3569,$0.3645,$0.3433,$0.3632,"$41,669,451","$693,061,887"
"Jul 20, 2024",$0.3585,$0.3642,$0.3556,$0.3569,"$36,785,820","$681,041,538"
"Jul 19, 2024",$0.3387,$0.3633,$0.3341,$0.3585,"$45,999,898","$684,122,618"
"Jul 18, 2024",$0.358,$0.3704,$0.3323,$0.3387,"$62,402,802","$646,438,931"
"Jul 17, 2024",$0.36,$0.3716,$0.3571,$0.358,"$42,716,675","$683,214,548"
"Jul 16, 2024",$0.3623,$0.3684,$0.3501,$0.36,"$50,628,050","$687,027,887"
"Jul 15, 2024",$0.342,$0.3626,$0.3403,$0.3623,"$43,075,830","$691,353,637"
"Jul 14, 2024",$0.3347,$0.3424,$0.3287,$0.342,"$30,599,192","$652,585,773"
"Jul 13, 2024",$0.3249,$0.336,$0.3226,$0.3347,"$29,802,777","$638,803,299"
"Jul 12, 2024",$0.3131,$0.3258,$0.3102,$0.3249,"$34,330,062","$619,945,982"
"Jul 11, 2024",$0.3122,$0.3251,$0.3109,$0.3131,"$36,706,120","$597,487,786"
"Jul 10, 2024",$0.3103,$0.3187,$0.3066,$0.3122,"$35,755,086","$595,726,313"
"Jul 09, 2024",$0.3039,$0.3119,$0.3026,$0.3103,"$42,729,988","$592,070,838"
"Jul 08, 2024",$0.2949,$0.3138,$0.2832,$0.3039,"$59,184,900","$579,985,001"
"Jul 07, 2024",$0.315,$0.3152,$0.2934,$0.2949,"$43,131,293","$562,727,576"
"Jul 06, 2024",$0.2915,$0.3189,$0.2903,$0.315,"$43,834,583","$601,132,257"
"Jul 05, 2024",$0.291,$0.2977,$0.259,$0.2915,"$85,450,686","$556,274,817"
"Jul 04, 2024",$0.3234,$0.3244,$0.2899,$0.2911,"$73,548,810","$555,511,486"
"Jul 03, 2024",$0.3438,$0.3455,$0.3224,$0.3234,"$43,708,652","$617,073,390"
"Jul 02, 2024",$0.3407,$0.3495,$0.3396,$0.3438,"$35,026,798","$656,123,112"
"Jul 01, 2024",$0.3385,$0.345,$0.3334,$0.3407,"$38,529,703","$650,245,173"
"Jun 30, 2024",$0.3301,$0.3395,$0.3278,$0.3386,"$36,326,250","$646,071,708"
"Jun 29, 2024",$0.3403,$0.3472,$0.33,$0.3301,"$30,228,971","$629,935,866"
"Jun 28, 2024",$0.3447,$0.3476,$0.3361,$0.3403,"$40,128,720","$649,355,101"
"Jun 27, 2024",$0.3357,$0.3457,$0.3324,$0.3447,"$38,939,108","$657,813,649"
"Jun 26, 2024",$0.3389,$0.3419,$0.3328,$0.3357,"$36,084,158","$640,658,527"
"Jun 25, 2024",$0.3329,$0.343,$0.3325,$0.3389,"$43,081,066","$646,729,946"
"Jun 24, 2024",$0.3253,$0.333,$0.3139,$0.333,"$59,901,689","$635,375,100"
"Jun 23, 2024",$0.3304,$0.3354,$0.3229,$0.3253,"$31,683,111","$620,800,421"
"Jun 22, 2024",$0.3326,$0.3342,$0.3278,$0.3304,"$32,271,365","$630,474,091"
"Jun 21, 2024",$0.3342,$0.3433,$0.331,$0.3325,"$47,331,217","$634,580,392"
"Jun 20, 2024",$0.3337,$0.3468,$0.3305,$0.3342,"$44,842,375","$637,688,587"
"Jun 19, 2024",$0.3248,$0.3364,$0.3212,$0.3337,"$46,653,321","$636,808,325"
"Jun 18, 2024",$0.3505,$0.351,$0.3055,$0.3249,"$84,553,957","$619,950,624"
"Jun 17, 2024",$0.385,$0.3865,$0.3477,$0.3506,"$61,153,759","$668,994,357"
"Jun 16, 2024",$0.3882,$0.3902,$0.3823,$0.385,"$35,805,684","$734,750,921"
"Jun 15, 2024",$0.3838,$0.3927,$0.3833,$0.3882,"$41,180,242","$740,856,952"
"Jun 14, 2024",$0.3963,$0.4008,$0.3743,$0.3838,"$57,563,174","$732,416,196"
"Jun 13, 2024",$0.4129,$0.4136,$0.3939,$0.3963,"$65,603,082","$756,210,503"
"Jun 12, 2024",$0.3933,$0.4181,$0.3883,$0.4128,"$81,818,426","$787,847,991"
"Jun 11, 2024",$0.4136,$0.4136,$0.3874,$0.3933,"$158,814,141","$750,554,215"
"Jun 10, 2024",$0.4216,$0.4258,$0.4115,$0.4136,"$145,733,224","$789,373,722"
"Jun 09, 2024",$0.4128,$0.4249,$0.4103,$0.4216,"$130,218,945","$804,614,523"
"Jun 08, 2024",$0.4367,$0.4391,$0.4083,$0.4128,"$75,987,656","$787,737,651"
"Jun 07, 2024",$0.4766,$0.4782,$0.4094,$0.4367,"$75,979,335","$833,396,129"
"Jun 06, 2024",$0.472,$0.4866,$0.4668,$0.4766,"$64,938,170","$909,515,823"
"Jun 05, 2024",$0.467,$0.4745,$0.464,$0.472,"$53,270,057","$900,757,694"
"Jun 04, 2024",$0.4514,$0.467,$0.4487,$0.467,"$59,139,551","$891,162,969"
"Jun 03, 2024",$0.4418,$0.4752,$0.4374,$0.4514,"$75,133,118","$861,320,955"
"Jun 02, 2024",$0.4493,$0.4611,$0.4417,$0.4418,"$48,757,263","$843,185,750"
"Jun 01, 2024",$0.4448,$0.4525,$0.442,$0.4493,"$39,201,288","$857,372,923"
"May 31, 2024",$0.4453,$0.4465,$0.4287,$0.4448,"$55,696,080","$848,856,452"
"May 30, 2024",$0.4525,$0.4629,$0.44,$0.4453,"$53,948,063","$849,686,188"
"May 29, 2024",$0.4544,$0.4757,$0.4495,$0.4525,"$66,294,694","$863,605,975"
"May 28, 2024",$0.4686,$0.4715,$0.4467,$0.4544,"$61,739,215","$867,155,138"
"May 27, 2024",$0.4471,$0.4759,$0.4438,$0.4686,"$58,654,545","$894,281,289"
"May 26, 2024",$0.4652,$0.468,$0.4448,$0.4471,"$37,606,335","$853,117,367"
"May 25, 2024",$0.4541,$0.4652,$0.4531,$0.4652,"$38,581,890","$887,748,395"
"May 24, 2024",$0.4482,$0.4613,$0.441,$0.4541,"$53,146,878","$866,648,465"
"May 23, 2024",$0.4607,$0.4684,$0.4269,$0.4482,"$77,016,499","$855,376,069"
"May 22, 2024",$0.4676,$0.4729,$0.4558,$0.4607,"$59,161,573","$879,184,759"
"May 21, 2024",$0.4663,$0.474,$0.4605,$0.4676,"$78,365,082","$892,244,893"
"May 20, 2024",$0.4201,$0.4665,$0.4159,$0.4663,"$115,522,341","$889,815,177"
"May 19, 2024",$0.4363,$0.4407,$0.4183,$0.4201,"$35,535,550","$801,694,811"
"May 18, 2024",$0.4357,$0.4367,$0.4303,$0.4363,"$33,938,563","$832,536,809"
"May 17, 2024",$0.4283,$0.4444,$0.4261,$0.4357,"$51,046,026","$831,527,087"
"May 16, 2024",$0.4309,$0.4339,$0.4201,$0.4283,"$47,328,810","$817,414,474"
"May 15, 2024",$0.4,$0.4351,$0.3982,$0.4309,"$52,840,264","$822,210,214"
"May 14, 2024",$0.406,$0.4114,$0.3989,$0.4,"$49,092,979","$763,299,004"
"May 13, 2024",$0.4065,$0.4148,$0.3944,$0.406,"$48,382,891","$774,698,272"
"May 12, 2024",$0.414,$0.4185,$0.4044,$0.4065,"$30,126,138","$775,769,853"
"May 11, 2024",$0.4133,$0.4219,$0.4129,$0.414,"$29,286,470","$789,983,729"
"May 10, 2024",$0.4362,$0.4425,$0.4111,$0.4133,"$47,523,646","$788,648,576"
"May 09, 2024",$0.4272,$0.4391,$0.4164,$0.4362,"$41,548,857","$832,438,469"
"May 08, 2024",$0.4296,$0.4334,$0.4196,$0.4272,"$44,540,249","$815,272,568"
"May 07, 2024",$0.4409,$0.4445,$0.4291,$0.4296,"$40,770,316","$819,802,099"
"May 06, 2024",$0.4478,$0.4631,$0.4406,$0.4409,"$54,604,686","$841,296,159"
"May 05, 2024",$0.4471,$0.4563,$0.4393,$0.4478,"$35,024,089","$854,461,527"
"May 04, 2024",$0.4484,$0.4527,$0.4444,$0.4471,"$39,855,440","$853,230,720"
"May 03, 2024",$0.4313,$0.4524,$0.427,$0.4484,"$45,237,515","$855,631,342"
"May 02, 2024",$0.424,$0.4358,$0.4108,$0.4313,"$47,796,980","$823,100,989"
"May 01, 2024",$0.4167,$0.4277,$0.3959,$0.424,"$67,603,706","$809,103,475"
"Apr 30, 2024",$0.437,$0.442,$0.4019,$0.4167,"$64,500,588","$795,240,706"
"Apr 29, 2024",$0.445,$0.4462,$0.426,$0.437,"$54,139,085","$833,874,446"
"Apr 28, 2024",$0.4525,$0.4676,$0.4443,$0.445,"$38,414,295","$849,197,104"
"Apr 27, 2024",$0.4521,$0.4575,$0.4376,$0.4525,"$46,021,552","$863,562,348"
"Apr 26, 2024",$0.4652,$0.4654,$0.4456,$0.4521,"$41,417,715","$862,759,209"
"Apr 25, 2024",$0.4629,$0.473,$0.4454,$0.4652,"$51,609,524","$887,702,725"
"Apr 24, 2024",$0.4788,$0.4992,$0.4578,$0.4629,"$65,834,409","$883,381,974"
"Apr 23, 2024",$0.4815,$0.4853,$0.4722,$0.4788,"$47,500,891","$913,776,437"
"Apr 22, 2024",$0.4629,$0.4859,$0.4627,$0.4815,"$52,903,721","$918,824,279"
"Apr 21, 2024",$0.4705,$0.4755,$0.4546,$0.4629,"$44,765,369","$883,344,682"
"Apr 20, 2024",$0.4335,$0.4728,$0.4286,$0.4705,"$51,487,256","$897,851,121"
"Apr 19, 2024",$0.4344,$0.4444,$0.3991,$0.4335,"$86,614,820","$827,200,995"
"Apr 18, 2024",$0.4249,$0.4403,$0.4156,$0.4344,"$58,651,878","$828,915,258"
"Apr 17, 2024",$0.4338,$0.4391,$0.4094,$0.4249,"$59,940,233","$810,816,918"
"Apr 16, 2024",$0.4236,$0.4378,$0.4058,$0.4338,"$72,406,310","$827,783,214"
"Apr 15, 2024",$0.4436,$0.4658,$0.4137,$0.4236,"$90,387,161","$808,376,401"
"Apr 14, 2024",$0.4194,$0.4481,$0.399,$0.4436,"$124,101,780","$846,578,989"
"Apr 13, 2024",$0.5173,$0.5173,$0.374,$0.4194,"$160,627,406","$800,371,123"
"Apr 12, 2024",$0.6084,$0.6235,$0.4945,$0.5173,"$113,700,828","$987,125,166"
"Apr 11, 2024",$0.6092,$0.6361,$0.6043,$0.6084,"$71,265,374","$1,161,081,658"
"Apr 10, 2024",$0.6122,$0.6277,$0.5814,$0.6092,"$87,401,813","$1,162,464,991"
"Apr 09, 2024",$0.6255,$0.6369,$0.6047,$0.6122,"$92,974,814","$1,168,234,773"
"Apr 08, 2024",$0.5947,$0.6304,$0.5847,$0.6255,"$64,616,056","$1,193,742,551"
"Apr 07, 2024",$0.5907,$0.5999,$0.5879,$0.5947,"$49,413,171","$1,134,863,603"
"Apr 06, 2024",$0.5906,$0.5955,$0.5834,$0.5907,"$41,449,850","$1,127,176,218"
"Apr 05, 2024",$0.5922,$0.5974,$0.562,$0.5906,"$63,889,824","$1,127,092,934"
"Apr 04, 2024",$0.5771,$0.6017,$0.5682,$0.5922,"$64,460,765","$1,130,192,688"
"Apr 03, 2024",$0.5842,$0.5971,$0.5648,$0.5771,"$68,964,070","$1,101,267,718"
"Apr 02, 2024",$0.6284,$0.6284,$0.5803,$0.5842,"$84,796,320","$1,114,924,549"
"Apr 01, 2024",$0.6695,$0.6746,$0.6123,$0.6284,"$90,380,231","$1,199,262,265"
"Mar 31, 2024",$0.6619,$0.6696,$0.6556,$0.6695,"$51,239,325","$1,277,571,679"
"Mar 30, 2024",$0.682,$0.6843,$0.6563,$0.6619,"$57,468,372","$1,263,044,335"
"Mar 29, 2024",$0.6752,$0.6863,$0.6607,$0.682,"$80,718,954","$1,301,460,084"
"Mar 28, 2024",$0.6653,$0.6845,$0.6534,$0.6752,"$88,072,410","$1,288,496,717"
"Mar 27, 2024",$0.6916,$0.7025,$0.6546,$0.6653,"$110,090,134","$1,269,542,512"
"Mar 26, 2024",$0.6654,$0.6945,$0.6648,$0.6916,"$131,683,564","$1,319,872,163"
"Mar 25, 2024",$0.6517,$0.6755,$0.6401,$0.6654,"$120,006,524","$1,269,836,403"
"Mar 24, 2024",$0.6337,$0.6547,$0.6273,$0.6517,"$68,809,272","$1,243,725,425"
"Mar 23, 2024",$0.623,$0.653,$0.6179,$0.6337,"$81,084,491","$1,209,318,912"
"Mar 22, 2024",$0.6334,$0.6474,$0.601,$0.623,"$103,105,135","$1,188,854,212"
"Mar 21, 2024",$0.6395,$0.6475,$0.6178,$0.6334,"$106,644,218","$1,208,804,293"
"Mar 20, 2024",$0.5698,$0.6407,$0.5474,$0.6394,"$149,750,705","$1,220,345,654"
"Mar 19, 2024",$0.6182,$0.6244,$0.5453,$0.5698,"$169,817,091","$1,087,367,826"
"Mar 18, 2024",$0.6454,$0.6545,$0.597,$0.6182,"$109,920,741","$1,179,730,675"
"Mar 17, 2024",$0.6241,$0.6522,$0.5934,$0.6454,"$122,620,622","$1,231,690,992"
"Mar 16, 2024",$0.6887,$0.7045,$0.6108,$0.6241,"$149,953,181","$1,190,923,898"
"Mar 15, 2024",$0.7441,$0.7514,$0.6419,$0.6887,"$211,605,005","$1,314,297,195"
"Mar 14, 2024",$0.7606,$0.7718,$0.7024,$0.7441,"$184,363,464","$1,419,999,502"
"Mar 13, 2024",$0.7672,$0.781,$0.7412,$0.7606,"$132,388,301","$1,451,374,859"
"Mar 12, 2024",$0.7792,$0.8004,$0.7197,$0.7672,"$200,796,295","$1,464,071,330"
"Mar 11, 2024",$0.7703,$0.7877,$0.7355,$0.7792,"$222,783,390","$1,486,971,838"
"Mar 10, 2024",$0.7537,$0.8185,$0.7507,$0.7703,"$369,774,655","$1,469,987,293"
"Mar 09, 2024",$0.7083,$0.7819,$0.6967,$0.7537,"$334,786,985","$1,438,213,534"
"Mar 08, 2024",$0.6949,$0.7085,$0.6537,$0.7083,"$185,904,696","$1,351,714,588"
"Mar 07, 2024",$0.655,$0.7076,$0.6477,$0.6949,"$221,626,185","$1,326,146,366"
"Mar 06, 2024",$0.6138,$0.6589,$0.5864,$0.6549,"$238,256,159","$1,249,895,048"
"Mar 05, 2024",$0.6649,$0.711,$0.5602,$0.6138,"$379,048,778","$1,171,395,772"
"Mar 04, 2024",$0.6566,$0.6927,$0.6418,$0.6649,"$243,096,532","$1,268,830,173"
"Mar 03, 2024",$0.6827,$0.7048,$0.6159,$0.6566,"$303,679,322","$1,252,961,885"
"Mar 02, 2024",$0.6647,$0.7008,$0.6523,$0.6826,"$222,587,523","$1,302,648,786"
"Mar 01, 2024",$0.6565,$0.6829,$0.6268,$0.6646,"$260,720,311","$1,268,300,442"
"Feb 29, 2024",$0.5721,$0.6678,$0.5631,$0.657,"$273,672,751","$1,253,687,466"
"Feb 28, 2024",$0.5652,$0.6053,$0.5462,$0.5721,"$220,373,104","$1,091,691,233"
"Feb 27, 2024",$0.5378,$0.5725,$0.5282,$0.5651,"$181,378,526","$1,078,440,336"
"Feb 26, 2024",$0.5146,$0.5407,$0.5088,$0.5377,"$178,980,370","$1,017,985,332"
"Feb 25, 2024",$0.5011,$0.5147,$0.4936,$0.5147,"$67,967,897","$974,453,851"
"Feb 24, 2024",$0.4807,$0.5042,$0.4754,$0.5012,"$82,406,443","$948,727,658"
"Feb 23, 2024",$0.4874,$0.4899,$0.4718,$0.4808,"$75,681,413","$910,126,952"
"Feb 22, 2024",$0.48,$0.496,$0.4695,$0.4875,"$77,011,037","$922,814,897"
"Feb 21, 2024",$0.4997,$0.5004,$0.463,$0.48,"$71,459,670","$908,608,297"
"Feb 20, 2024",$0.5153,$0.518,$0.4827,$0.4997,"$101,312,793","$945,947,355"
"Feb 19, 2024",$0.5038,$0.5191,$0.4996,$0.5153,"$100,461,104","$975,559,921"
"Feb 18, 2024",$0.4872,$0.5099,$0.4857,$0.5038,"$87,255,052","$953,662,150"
"Feb 17, 2024",$0.4979,$0.5175,$0.4786,$0.4872,"$95,280,135","$922,382,338"
"Feb 16, 2024",$0.5042,$0.5118,$0.4893,$0.4979,"$81,057,676","$942,646,106"
"Feb 15, 2024",$0.4871,$0.5064,$0.484,$0.5042,"$108,149,290","$954,419,717"
"Feb 14, 2024",$0.4686,$0.4888,$0.466,$0.4871,"$78,005,490","$922,153,990"
"Feb 13, 2024",$0.484,$0.4852,$0.4597,$0.4686,"$68,977,218","$887,110,955"
"Feb 12, 2024",$0.4704,$0.4905,$0.4618,$0.484,"$79,526,321","$916,294,439"
"Feb 11, 2024",$0.4615,$0.473,$0.4604,$0.4704,"$60,917,266","$890,418,389"
"Feb 10, 2024",$0.467,$0.4748,$0.4613,$0.4615,"$57,557,131","$873,645,441"
"Feb 09, 2024",$0.4491,$0.4687,$0.4491,$0.4669,"$76,899,882","$883,954,567"
"Feb 08, 2024",$0.446,$0.453,$0.4416,$0.4491,"$56,460,134","$850,205,068"
"Feb 07, 2024",$0.4313,$0.4482,$0.4243,$0.446,"$48,078,163","$844,333,438"
"Feb 06, 2024",$0.4344,$0.4388,$0.4296,$0.4313,"$38,150,460","$816,408,469"
"Feb 05, 2024",$0.4308,$0.4401,$0.4253,$0.4345,"$37,769,108","$822,457,001"
"Feb 04, 2024",$0.4395,$0.4396,$0.4298,$0.4308,"$27,540,695","$815,451,321"
"Feb 03, 2024",$0.4409,$0.4444,$0.4359,$0.4395,"$36,098,871","$832,022,117"
"Feb 02, 2024",$0.4356,$0.4462,$0.4341,$0.4409,"$46,898,278","$834,659,973"
"Feb 01, 2024",$0.4316,$0.4365,$0.4235,$0.4356,"$51,450,817","$824,718,282"
"Jan 31, 2024",$0.445,$0.4466,$0.4288,$0.4317,"$57,930,305","$817,183,114"
"Jan 30, 2024",$0.4589,$0.4608,$0.4439,$0.445,"$60,824,795","$842,432,406"
"Jan 29, 2024",$0.4456,$0.4602,$0.44,$0.4589,"$44,985,276","$868,770,844"
"Jan 28, 2024",$0.4544,$0.4627,$0.4425,$0.4456,"$43,612,505","$843,526,092"
"Jan 27, 2024",$0.4511,$0.4558,$0.4427,$0.4544,"$41,498,420","$860,171,123"
"Jan 26, 2024",$0.4334,$0.4514,$0.429,$0.451,"$52,654,482","$853,824,560"
"Jan 25, 2024",$0.4392,$0.4395,$0.4264,$0.4334,"$47,105,756","$820,443,782"
"Jan 24, 2024",$0.4248,$0.4449,$0.4215,$0.4392,"$66,690,754","$831,506,291"
"Jan 23, 2024",$0.4418,$0.4481,$0.4083,$0.4247,"$90,097,122","$804,074,200"
"Jan 22, 2024",$0.4749,$0.4784,$0.4402,$0.4418,"$78,392,967","$836,328,986"
"Jan 21, 2024",$0.4733,$0.4915,$0.4698,$0.4748,"$73,455,902","$898,826,371"
"Jan 20, 2024",$0.468,$0.4801,$0.4595,$0.4732,"$76,873,185","$895,892,659"
"Jan 19, 2024",$0.4399,$0.476,$0.429,$0.468,"$137,345,908","$885,891,903"
"Jan 18, 2024",$0.4621,$0.4694,$0.4318,$0.4399,"$77,817,623","$832,720,689"
"Jan 17, 2024",$0.4631,$0.4683,$0.4534,$0.4621,"$63,263,885","$874,783,867"
"Jan 16, 2024",$0.4519,$0.4671,$0.4499,$0.4632,"$67,629,957","$876,848,593"
"Jan 15, 2024",$0.4454,$0.4602,$0.4454,$0.4519,"$65,168,321","$855,404,050"
"Jan 14, 2024",$0.4679,$0.4681,$0.4449,$0.4454,"$68,014,576","$843,241,129"
"Jan 13, 2024",$0.4618,$0.4783,$0.4493,$0.4679,"$80,474,783","$885,719,599"
"Jan 12, 2024",$0.4854,$0.4956,$0.4467,$0.4618,"$118,880,732","$874,224,456"
"Jan 11, 2024",$0.4647,$0.4921,$0.4635,$0.4855,"$127,401,255","$919,078,345"
"Jan 10, 2024",$0.4333,$0.4738,$0.4223,$0.4645,"$104,677,471","$879,380,751"
"Jan 09, 2024",$0.4536,$0.454,$0.4172,$0.4332,"$55,912,242","$820,151,210"
"Jan 08, 2024",$0.4267,$0.4542,$0.3981,$0.4536,"$85,690,877","$858,707,796"
"Jan 07, 2024",$0.4533,$0.4634,$0.424,$0.4267,"$46,358,182","$807,823,486"
"Jan 06, 2024",$0.461,$0.4612,$0.4295,$0.4533,"$66,889,291","$858,129,317"
"Jan 05, 2024",$0.4762,$0.4799,$0.4433,$0.461,"$97,720,155","$872,733,995"
"Jan 04, 2024",$0.4674,$0.4778,$0.4612,$0.4762,"$97,031,089","$901,543,163"
"Jan 03, 2024",$0.5289,$0.5378,$0.4418,$0.4674,"$146,207,802","$884,779,233"
"Jan 02, 2024",$0.5398,$0.5504,$0.5249,$0.5289,"$90,985,844","$1,001,335,109"
"Jan 01, 2024",$0.5209,$0.5405,$0.517,$0.5398,"$87,899,199","$1,021,881,465"
"Dec 31, 2023",$0.5167,$0.5317,$0.5124,$0.5206,"$75,472,097","$985,513,306"
"Dec 30, 2023",$0.5157,$0.5206,$0.5062,$0.5167,"$67,912,487","$978,215,991"
"Dec 29, 2023",$0.5301,$0.5389,$0.5056,$0.5157,"$109,677,664","$976,233,994"
"Dec 28, 2023",$0.5555,$0.5641,$0.5236,$0.5302,"$99,798,303","$1,003,663,034"
"Dec 27, 2023",$0.5592,$0.5627,$0.5325,$0.5554,"$106,282,847","$1,051,403,336"
"Dec 26, 2023",$0.561,$0.6045,$0.5299,$0.5592,"$239,104,790","$1,058,597,200"
"Dec 25, 2023",$0.5415,$0.5706,$0.5241,$0.561,"$192,661,979","$1,062,118,698"
"Dec 24, 2023",$0.5148,$0.5528,$0.5083,$0.5416,"$147,485,118","$1,025,281,034"
"Dec 23, 2023",$0.528,$0.5299,$0.5104,$0.5147,"$70,909,085","$974,438,325"
"Dec 22, 2023",$0.5215,$0.5285,$0.5095,$0.5281,"$83,829,839","$999,736,380"
"Dec 21, 2023",$0.5011,$0.5215,$0.4948,$0.5215,"$90,231,338","$987,295,833"
"Dec 20, 2023",$0.4754,$0.5105,$0.471,$0.5011,"$82,390,353","$948,565,453"
"Dec 19, 2023",$0.4749,$0.4876,$0.4704,$0.4754,"$71,590,764","$900,012,599"
"Dec 18, 2023",$0.4822,$0.4846,$0.4474,$0.4748,"$96,036,058","$898,873,454"
"Dec 17, 2023",$0.5021,$0.5096,$0.4809,$0.4823,"$82,522,482","$913,024,171"
"Dec 16, 2023",$0.484,$0.5049,$0.4798,$0.5021,"$77,581,715","$950,526,453"
"Dec 15, 2023",$0.5138,$0.5139,$0.4839,$0.4839,"$77,297,560","$916,148,967"
"Dec 14, 2023",$0.5022,$0.5167,$0.4945,$0.5138,"$104,322,267","$972,601,574"
"Dec 13, 2023",$0.4947,$0.504,$0.4636,$0.5023,"$129,505,256","$950,892,111"
"Dec 12, 2023",$0.4896,$0.4972,$0.48,$0.4947,"$113,504,298","$936,439,281"
"Dec 11, 2023",$0.5318,$0.5333,$0.4734,$0.4896,"$249,999,821","$926,908,502"
"Dec 10, 2023",$0.5347,$0.5729,$0.5249,$0.5316,"$239,373,503","$1,006,417,087"
"Dec 09, 2023",$0.5209,$0.5502,$0.5206,$0.5348,"$178,217,337","$1,012,432,329"
"Dec 08, 2023",$0.502,$0.5227,$0.4871,$0.521,"$137,399,599","$986,232,944"
"Dec 07, 2023",$0.4727,$0.502,$0.466,$0.502,"$172,890,467","$950,345,695"
"Dec 06, 2023",$0.4699,$0.4928,$0.4617,$0.4726,"$173,981,748","$894,628,321"
"Dec 05, 2023",$0.4518,$0.4784,$0.4504,$0.4699,"$153,983,316","$889,478,935"
"Dec 04, 2023",$0.4504,$0.469,$0.4416,$0.4518,"$129,322,455","$855,236,231"
"Dec 03, 2023",$0.4582,$0.4599,$0.4452,$0.4505,"$79,345,245","$852,763,780"
"Dec 02, 2023",$0.4395,$0.4599,$0.4377,$0.4582,"$72,920,960","$867,467,164"
"Dec 01, 2023",$0.4321,$0.4412,$0.4289,$0.4396,"$63,262,384","$832,113,648"
"Nov 30, 2023",$0.4412,$0.4415,$0.43,$0.4321,"$60,050,441","$817,987,026"
"Nov 29, 2023",$0.4438,$0.4445,$0.4327,$0.4412,"$83,645,905","$835,183,663"
"Nov 28, 2023",$0.4403,$0.4442,$0.4241,$0.4438,"$87,569,795","$840,197,396"
"Nov 27, 2023",$0.4504,$0.4653,$0.4294,$0.4403,"$125,209,678","$833,577,218"
"Nov 26, 2023",$0.4633,$0.4674,$0.4446,$0.4505,"$147,861,394","$852,860,440"
"Nov 25, 2023",$0.4134,$0.4728,$0.4117,$0.4633,"$270,135,990","$877,004,743"
"Nov 24, 2023",$0.4055,$0.4169,$0.4047,$0.4134,"$64,648,937","$782,585,867"
"Nov 23, 2023",$0.4047,$0.4094,$0.3997,$0.4055,"$55,255,643","$767,578,896"
"Nov 22, 2023",$0.3783,$0.4087,$0.377,$0.4047,"$69,290,520","$766,105,448"
"Nov 21, 2023",$0.421,$0.428,$0.3774,$0.3784,"$86,771,443","$716,369,925"
"Nov 20, 2023",$0.4312,$0.436,$0.4193,$0.421,"$73,807,891","$796,982,048"
"Nov 19, 2023",$0.4173,$0.4337,$0.4092,$0.4313,"$55,038,692","$816,428,210"
"Nov 18, 2023",$0.4268,$0.4272,$0.398,$0.4172,"$70,607,181","$789,887,890"
"Nov 17, 2023",$0.4311,$0.4432,$0.4072,$0.4268,"$84,456,377","$807,897,047"
"Nov 16, 2023",$0.452,$0.4605,$0.4249,$0.4313,"$110,167,997","$816,422,192"
"Nov 15, 2023",$0.4268,$0.4543,$0.4218,$0.452,"$108,740,911","$855,639,466"
"Nov 14, 2023",$0.4465,$0.4496,$0.4084,$0.4268,"$124,739,092","$808,064,243"
"Nov 13, 2023",$0.4662,$0.4861,$0.4466,$0.4466,"$140,966,631","$845,522,564"
"Nov 12, 2023",$0.47,$0.4762,$0.452,$0.4662,"$114,121,344","$882,548,524"
"Nov 11, 2023",$0.4344,$0.5022,$0.416,$0.4701,"$213,603,002","$889,873,282"
"Nov 10, 2023",$0.4178,$0.4376,$0.4145,$0.4344,"$110,853,315","$822,296,101"
"Nov 09, 2023",$0.4278,$0.4474,$0.4035,$0.4177,"$145,864,371","$790,837,824"
"Nov 08, 2023",$0.4174,$0.4294,$0.4107,$0.4279,"$68,969,820","$809,963,896"
"Nov 07, 2023",$0.4237,$0.4343,$0.4006,$0.4174,"$104,637,743","$790,177,779"
"Nov 06, 2023",$0.4039,$0.4278,$0.4019,$0.4237,"$123,737,909","$802,143,246"
"Nov 05, 2023",$0.407,$0.4189,$0.3966,$0.4039,"$83,375,677","$764,646,989"
"Nov 04, 2023",$0.4,$0.4094,$0.3948,$0.407,"$58,381,115","$770,482,686"
"Nov 03, 2023",$0.4037,$0.4037,$0.3877,$0.4,"$78,509,120","$757,171,050"
"Nov 02, 2023",$0.3804,$0.4182,$0.3804,$0.4037,"$193,801,912","$764,301,354"
"Nov 01, 2023",$0.3639,$0.3804,$0.3526,$0.3803,"$72,214,902","$720,032,319"
"Oct 31, 2023",$0.3781,$0.38,$0.3546,$0.3639,"$74,908,915","$688,858,324"
"Oct 30, 2023",$0.379,$0.3881,$0.3683,$0.3781,"$78,917,362","$715,789,338"
"Oct 29, 2023",$0.3511,$0.3881,$0.3453,$0.379,"$107,785,711","$717,468,760"
"Oct 28, 2023",$0.3402,$0.3533,$0.3398,$0.351,"$32,989,581","$664,521,286"
"Oct 27, 2023",$0.3528,$0.3528,$0.3361,$0.3402,"$59,930,696","$644,063,081"
"Oct 26, 2023",$0.3465,$0.3652,$0.3366,$0.3528,"$116,679,456","$667,899,668"
"Oct 25, 2023",$0.3506,$0.3593,$0.3377,$0.3464,"$93,770,940","$655,823,043"
"Oct 24, 2023",$0.3257,$0.3538,$0.3242,$0.3505,"$151,882,912","$663,574,858"
"Oct 23, 2023",$0.3046,$0.3256,$0.3037,$0.3256,"$77,630,785","$616,482,927"
"Oct 22, 2023",$0.2989,$0.305,$0.2958,$0.3049,"$69,269,451","$577,127,004"
"Oct 21, 2023",$0.2866,$0.3025,$0.2866,$0.2989,"$32,739,156","$565,837,257"
"Oct 20, 2023",$0.2784,$0.2905,$0.2768,$0.2866,"$28,656,327","$542,524,856"
"Oct 19, 2023",$0.2772,$0.2795,$0.2729,$0.2783,"$18,313,283","$526,927,518"
"Oct 18, 2023",$0.2811,$0.2832,$0.2767,$0.2772,"$18,148,300","$524,785,440"
"Oct 17, 2023",$0.2886,$0.2886,$0.279,$0.2811,"$25,312,166","$532,078,482"
"Oct 16, 2023",$0.2856,$0.2977,$0.2856,$0.2886,"$35,507,977","$546,406,619"
"Oct 15, 2023",$0.2838,$0.2886,$0.283,$0.2856,"$15,752,166","$540,714,349"
"Oct 14, 2023",$0.2812,$0.2863,$0.281,$0.2838,"$18,504,252","$537,271,522"
"Oct 13, 2023",$0.2784,$0.2842,$0.2779,$0.2811,"$16,373,097","$532,230,777"
"Oct 12, 2023",$0.2783,$0.2795,$0.2746,$0.2784,"$16,929,875","$527,131,225"
"Oct 11, 2023",$0.2778,$0.2797,$0.2731,$0.2783,"$19,350,704","$526,925,035"
"Oct 10, 2023",$0.2812,$0.2821,$0.2761,$0.2778,"$19,805,577","$525,956,857"
"Oct 09, 2023",$0.2972,$0.2983,$0.277,$0.2812,"$34,235,050","$532,349,597"
"Oct 08, 2023",$0.2989,$0.2998,$0.2949,$0.2972,"$16,623,406","$562,661,680"
"Oct 07, 2023",$0.3006,$0.3019,$0.2978,$0.2989,"$15,013,850","$565,925,138"
"Oct 06, 2023",$0.2932,$0.3014,$0.2932,$0.3006,"$21,122,934","$569,018,980"
"Oct 05, 2023",$0.2976,$0.2997,$0.2927,$0.2933,"$29,824,920","$555,162,359"
"Oct 04, 2023",$0.3019,$0.3019,$0.2908,$0.2976,"$38,720,564","$563,385,868"
"Oct 03, 2023",$0.3114,$0.313,$0.3017,$0.3019,"$27,856,725","$571,521,527"
"Oct 02, 2023",$0.3237,$0.3256,$0.3086,$0.3114,"$37,327,269","$589,569,736"
"Oct 01, 2023",$0.3092,$0.3262,$0.3083,$0.3237,"$32,534,991","$612,761,276"
"Sep 30, 2023",$0.316,$0.316,$0.3065,$0.3092,"$35,867,756","$585,282,913"
"Sep 29, 2023",$0.299,$0.3229,$0.2986,$0.316,"$53,916,179","$598,218,384"
"Sep 28, 2023",$0.2933,$0.2999,$0.2928,$0.299,"$58,453,531","$566,018,585"
"Sep 27, 2023",$0.2968,$0.3018,$0.2919,$0.2933,"$35,134,079","$555,285,283"
"Sep 26, 2023",$0.2988,$0.2992,$0.2932,$0.2968,"$25,484,109","$561,876,469"
"Sep 25, 2023",$0.2933,$0.3012,$0.2922,$0.2987,"$29,008,848","$565,537,229"
"Sep 24, 2023",$0.2936,$0.2996,$0.2924,$0.2933,"$39,016,859","$555,308,268"
"Sep 23, 2023",$0.2941,$0.2972,$0.2926,$0.2936,"$16,916,715","$555,771,727"
"Sep 22, 2023",$0.2936,$0.2954,$0.2912,$0.2941,"$23,619,742","$556,819,099"
"Sep 21, 2023",$0.2996,$0.3035,$0.2921,$0.2936,"$42,798,522","$555,765,492"
"Sep 20, 2023",$0.2987,$0.3017,$0.2925,$0.2996,"$29,718,139","$567,087,652"
"Sep 19, 2023",$0.2925,$0.3012,$0.2917,$0.2987,"$33,571,433","$565,480,332"
"Sep 18, 2023",$0.2889,$0.2968,$0.2861,$0.2925,"$27,243,267","$553,670,486"
"Sep 17, 2023",$0.3014,$0.3015,$0.287,$0.2889,"$24,382,951","$546,957,818"
"Sep 16, 2023",$0.2959,$0.3028,$0.2959,$0.3014,"$33,551,836","$570,571,805"
"Sep 15, 2023",$0.2893,$0.2972,$0.2879,$0.2959,"$33,736,077","$560,142,064"
"Sep 14, 2023",$0.2803,$0.2953,$0.2798,$0.2893,"$56,373,019","$547,592,024"
"Sep 13, 2023",$0.2695,$0.2812,$0.268,$0.2803,"$36,438,379","$530,632,247"
"Sep 12, 2023",$0.2694,$0.281,$0.2687,$0.2695,"$41,351,929","$510,125,308"
"Sep 11, 2023",$0.282,$0.2827,$0.2662,$0.2694,"$56,950,248","$509,961,619"
"Sep 10, 2023",$0.294,$0.294,$0.2801,$0.282,"$31,395,457","$533,760,031"
"Sep 09, 2023",$0.2932,$0.296,$0.292,$0.294,"$18,153,808","$556,582,450"
"Sep 08, 2023",$0.2981,$0.3008,$0.2913,$0.2932,"$28,418,995","$554,967,560"
"Sep 07, 2023",$0.2952,$0.2998,$0.2923,$0.298,"$30,489,801","$564,095,432"
"Sep 06, 2023",$0.2929,$0.2985,$0.2888,$0.2952,"$39,251,108","$558,807,707"
"Sep 05, 2023",$0.292,$0.2948,$0.2895,$0.2929,"$38,199,964","$554,565,199"
"Sep 04, 2023",$0.2905,$0.2962,$0.2897,$0.292,"$33,497,644","$552,733,652"
"Sep 03, 2023",$0.292,$0.2946,$0.2878,$0.2905,"$28,635,451","$549,913,149"
"Sep 02, 2023",$0.293,$0.2943,$0.2876,$0.292,"$29,157,418","$552,761,794"
"Sep 01, 2023",$0.2943,$0.2966,$0.2887,$0.293,"$34,662,562","$554,752,834"
"Aug 31, 2023",$0.3053,$0.3063,$0.2915,$0.2943,"$51,834,018","$557,214,969"
"Aug 30, 2023",$0.3138,$0.3161,$0.3041,$0.3053,"$45,369,902","$577,951,954"
"Aug 29, 2023",$0.3008,$0.317,$0.2916,$0.3138,"$56,214,608","$594,098,731"
"Aug 28, 2023",$0.2999,$0.3036,$0.2938,$0.3008,"$33,178,753","$569,462,012"
"Aug 27, 2023",$0.2993,$0.3022,$0.2975,$0.2999,"$32,117,177","$567,692,618"
"Aug 26, 2023",$0.3054,$0.3084,$0.2989,$0.2993,"$38,502,947","$566,546,216"
"Aug 25, 2023",$0.3052,$0.3061,$0.3,$0.3054,"$44,607,867","$578,069,049"
"Aug 24, 2023",$0.3112,$0.3141,$0.302,$0.3052,"$48,145,215","$577,681,708"
"Aug 23, 2023",$0.3037,$0.3141,$0.2999,$0.3112,"$49,090,406","$589,158,392"
"Aug 22, 2023",$0.3011,$0.3063,$0.2917,$0.3037,"$54,802,680","$574,852,826"
"Aug 21, 2023",$0.3084,$0.3091,$0.2968,$0.3011,"$49,732,779","$570,057,152"
"Aug 20, 2023",$0.3082,$0.311,$0.3049,$0.3085,"$35,808,268","$583,926,347"
"Aug 19, 2023",$0.3065,$0.3091,$0.3036,$0.3081,"$45,006,746","$583,355,222"
"Aug 18, 2023",$0.2963,$0.3096,$0.2957,$0.3065,"$62,278,135","$580,145,221"
"Aug 17, 2023",$0.3281,$0.3345,$0.2845,$0.2962,"$72,462,568","$560,815,338"
"Aug 16, 2023",$0.3451,$0.3453,$0.3236,$0.3282,"$55,822,026","$621,225,399"
"Aug 15, 2023",$0.3652,$0.3664,$0.3392,$0.3451,"$55,997,193","$653,297,831"
"Aug 14, 2023",$0.3661,$0.3679,$0.3623,$0.3651,"$63,332,152","$691,263,100"
"Aug 13, 2023",$0.3707,$0.3713,$0.3654,$0.3661,"$50,874,755","$692,982,254"
"Aug 12, 2023",$0.3697,$0.3722,$0.368,$0.3707,"$49,951,634","$701,750,258"
"Aug 11, 2023",$0.3668,$0.3708,$0.3654,$0.3697,"$44,496,493","$699,813,163"
"Aug 10, 2023",$0.3676,$0.3712,$0.3658,$0.3668,"$37,266,683","$694,388,659"
"Aug 09, 2023",$0.3706,$0.3736,$0.3653,$0.3676,"$45,105,400","$695,928,925"
"Aug 08, 2023",$0.3664,$0.3747,$0.3626,$0.3705,"$37,875,055","$701,477,438"
"Aug 07, 2023",$0.3738,$0.3797,$0.3589,$0.3664,"$47,537,975","$693,588,514"
"Aug 06, 2023",$0.3693,$0.3754,$0.3689,$0.3738,"$34,467,723","$707,697,018"
"Aug 05, 2023",$0.3637,$0.3696,$0.3601,$0.3693,"$24,073,803","$699,087,852"
"Aug 04, 2023",$0.3677,$0.3701,$0.3608,$0.3637,"$27,997,146","$688,599,614"
"Aug 03, 2023",$0.3733,$0.3755,$0.3667,$0.3678,"$26,597,547","$696,260,108"
"Aug 02, 2023",$0.3853,$0.3866,$0.3724,$0.3733,"$32,813,525","$706,666,847"
"Aug 01, 2023",$0.3823,$0.3868,$0.3757,$0.3854,"$41,192,179","$729,534,255"
"Jul 31, 2023",$0.3886,$0.3925,$0.3791,$0.3823,"$30,512,663","$723,707,531"
"Jul 30, 2023",$0.3914,$0.3976,$0.3834,$0.3886,"$39,065,109","$735,616,129"
"Jul 29, 2023",$0.3889,$0.3917,$0.3871,$0.3914,"$26,436,597","$740,902,096"
"Jul 28, 2023",$0.3844,$0.3911,$0.3821,$0.3889,"$26,286,609","$736,176,078"
"Jul 27, 2023",$0.3889,$0.3942,$0.3821,$0.3844,"$32,916,332","$727,781,129"
"Jul 26, 2023",$0.3863,$0.3926,$0.3815,$0.3889,"$33,283,841","$736,220,762"
"Jul 25, 2023",$0.3871,$0.3879,$0.3808,$0.3863,"$33,848,112","$731,351,033"
"Jul 24, 2023",$0.406,$0.4081,$0.3846,$0.3871,"$49,825,508","$732,903,095"
"Jul 23, 2023",$0.3969,$0.4095,$0.3955,$0.406,"$34,560,843","$768,596,071"
"Jul 22, 2023",$0.401,$0.4068,$0.3943,$0.3968,"$31,422,446","$751,245,111"
"Jul 21, 2023",$0.4,$0.404,$0.3976,$0.401,"$37,033,870","$759,165,744"
"Jul 20, 2023",$0.3998,$0.4056,$0.396,$0.4,"$49,674,202","$757,275,270"
"Jul 19, 2023",$0.4005,$0.408,$0.3972,$0.3998,"$41,808,713","$756,840,765"
"Jul 18, 2023",$0.4179,$0.4235,$0.3966,$0.4005,"$48,515,036","$758,116,041"
"Jul 17, 2023",$0.4067,$0.4196,$0.4026,$0.4179,"$50,003,721","$791,101,490"
"Jul 16, 2023",$0.4181,$0.4261,$0.4064,$0.4067,"$42,133,376","$769,992,818"
"Jul 15, 2023",$0.4142,$0.4246,$0.4062,$0.4182,"$38,088,681","$791,620,110"
"Jul 14, 2023",$0.4422,$0.4452,$0.4015,$0.4142,"$97,944,649","$784,045,229"
"Jul 13, 2023",$0.3938,$0.4423,$0.3861,$0.4422,"$99,444,923","$837,127,005"
"Jul 12, 2023",$0.3915,$0.3986,$0.388,$0.3938,"$37,783,591","$745,539,835"
"Jul 11, 2023",$0.3838,$0.3919,$0.3812,$0.3915,"$31,813,907","$741,091,461"
"Jul 10, 2023",$0.3798,$0.3922,$0.3711,$0.3838,"$36,842,339","$726,519,443"
"Jul 09, 2023",$0.3873,$0.3899,$0.3794,$0.3798,"$25,999,277","$719,067,513"
"Jul 08, 2023",$0.3819,$0.3897,$0.3808,$0.3873,"$33,888,949","$733,205,346"
"Jul 07, 2023",$0.373,$0.3833,$0.3701,$0.3818,"$33,717,875","$722,866,364"
"Jul 06, 2023",$0.3855,$0.4008,$0.3731,$0.3731,"$49,626,261","$706,226,518"
"Jul 05, 2023",$0.3972,$0.4025,$0.3794,$0.3855,"$44,213,009","$729,835,879"
"Jul 04, 2023",$0.4073,$0.4157,$0.3944,$0.3972,"$49,624,474","$751,914,139"
"Jul 03, 2023",$0.406,$0.4123,$0.4001,$0.4072,"$51,914,232","$770,961,173"
"Jul 02, 2023",$0.4178,$0.4188,$0.3982,$0.4059,"$64,924,009","$768,477,417"
"Jul 01, 2023",$0.3848,$0.4201,$0.3838,$0.4177,"$128,277,106","$790,825,146"
"Jun 30, 2023",$0.3679,$0.3896,$0.3611,$0.3848,"$77,316,386","$728,409,718"
"Jun 29, 2023",$0.3608,$0.3728,$0.3598,$0.3679,"$39,564,472","$696,489,828"
"Jun 28, 2023",$0.3889,$0.3894,$0.3567,$0.3608,"$47,945,417","$682,962,147"
"Jun 27, 2023",$0.3779,$0.3928,$0.3778,$0.3888,"$44,645,375","$735,959,841"
"Jun 26, 2023",$0.3928,$0.3931,$0.3729,$0.3779,"$53,646,792","$715,383,053"
"Jun 25, 2023",$0.4016,$0.4114,$0.391,$0.3927,"$71,985,715","$743,500,695"
"Jun 24, 2023",$0.3897,$0.429,$0.3833,$0.4016,"$138,042,634","$760,230,417"
"Jun 23, 2023",$0.3682,$0.3946,$0.3681,$0.3897,"$67,428,314","$737,691,571"
"Jun 22, 2023",$0.3727,$0.3897,$0.367,$0.3682,"$56,426,524","$697,005,837"
"Jun 21, 2023",$0.3507,$0.3753,$0.3497,$0.3727,"$65,074,486","$705,589,067"
"Jun 20, 2023",$0.3387,$0.3507,$0.3299,$0.3507,"$39,169,626","$658,740,754"
"Jun 19, 2023",$0.3359,$0.3411,$0.3318,$0.3387,"$29,818,452","$636,101,332"
"Jun 18, 2023",$0.3409,$0.3443,$0.3354,$0.3359,"$27,046,833","$630,840,413"
"Jun 17, 2023",$0.3362,$0.3481,$0.3347,$0.3409,"$28,976,109","$640,305,192"
"Jun 16, 2023",$0.333,$0.3412,$0.3277,$0.3363,"$29,841,050","$631,595,284"
"Jun 15, 2023",$0.3339,$0.3368,$0.3241,$0.333,"$36,924,956","$625,481,709"
"Jun 14, 2023",$0.3418,$0.3505,$0.3272,$0.3339,"$41,733,457","$627,102,326"
"Jun 13, 2023",$0.3429,$0.3565,$0.3394,$0.3418,"$43,030,130","$641,971,188"
"Jun 12, 2023",$0.3411,$0.3448,$0.3323,$0.3428,"$40,955,397","$643,894,662"
"Jun 11, 2023",$0.346,$0.3496,$0.3375,$0.3411,"$46,025,067","$640,771,492"
"Jun 10, 2023",$0.4053,$0.4053,$0.317,$0.346,"$132,452,826","$649,844,470"
"Jun 09, 2023",$0.4169,$0.4235,$0.4032,$0.4053,"$43,369,045","$761,273,570"
"Jun 08, 2023",$0.4195,$0.4221,$0.4084,$0.4169,"$52,902,882","$783,104,557"
"Jun 07, 2023",$0.4619,$0.4619,$0.4155,$0.4194,"$78,652,472","$787,773,916"
"Jun 06, 2023",$0.4579,$0.4694,$0.4327,$0.4619,"$126,283,164","$867,531,399"
"Jun 05, 2023",$0.5046,$0.5314,$0.4513,$0.4578,"$232,654,484","$859,880,731"
"Jun 04, 2023",$0.4863,$0.5193,$0.4821,$0.5047,"$79,193,975","$948,052,944"
"Jun 03, 2023",$0.4842,$0.4895,$0.4798,$0.4863,"$38,252,718","$913,405,158"
"Jun 02, 2023",$0.4728,$0.4872,$0.4671,$0.4842,"$50,333,996","$909,429,253"
"Jun 01, 2023",$0.4635,$0.4797,$0.4576,$0.4728,"$68,086,545","$888,042,806"
"May 31, 2023",$0.4804,$0.4854,$0.4581,$0.4635,"$49,453,732","$870,593,705"
"May 30, 2023",$0.4784,$0.4849,$0.4751,$0.4804,"$41,440,584","$902,306,662"
"May 29, 2023",$0.4887,$0.4909,$0.474,$0.4784,"$43,928,662","$898,623,316"
"May 28, 2023",$0.4738,$0.4948,$0.473,$0.4887,"$59,873,377","$917,827,777"
"May 27, 2023",$0.4653,$0.4743,$0.4623,$0.4738,"$37,008,486","$889,932,068"
"May 26, 2023",$0.4659,$0.4684,$0.4583,$0.4654,"$45,431,545","$874,082,281"
"May 25, 2023",$0.4559,$0.4726,$0.445,$0.4659,"$65,223,001","$875,171,223"
"May 24, 2023",$0.4782,$0.4784,$0.4527,$0.4559,"$50,540,544","$856,286,788"
"May 23, 2023",$0.4807,$0.4916,$0.4761,$0.4781,"$38,198,423","$898,061,889"
"May 22, 2023",$0.4796,$0.4829,$0.4689,$0.4806,"$42,868,340","$902,739,442"
"May 21, 2023",$0.4914,$0.4914,$0.4776,$0.4796,"$38,488,509","$900,880,166"
"May 20, 2023",$0.4916,$0.4937,$0.4823,$0.4914,"$35,523,045","$923,030,000"
"May 19, 2023",$0.5029,$0.5048,$0.4909,$0.4916,"$47,256,499","$923,306,254"
"May 18, 2023",$0.5093,$0.5137,$0.4896,$0.503,"$77,116,276","$944,768,545"
"May 17, 2023",$0.4824,$0.5273,$0.4808,$0.5093,"$211,138,720","$956,521,223"
"May 16, 2023",$0.4682,$0.4824,$0.4625,$0.4824,"$56,915,816","$906,059,089"
"May 15, 2023",$0.4568,$0.4743,$0.4514,$0.4682,"$42,734,572","$879,470,536"
"May 14, 2023",$0.4511,$0.4613,$0.4473,$0.4568,"$27,660,672","$858,037,001"
"May 13, 2023",$0.4553,$0.4559,$0.4494,$0.4511,"$31,179,272","$847,244,854"
"May 12, 2023",$0.4513,$0.4553,$0.4378,$0.4553,"$55,221,079","$855,179,189"
"May 11, 2023",$0.4773,$0.4773,$0.4453,$0.4513,"$57,967,389","$847,749,520"
"May 10, 2023",$0.4676,$0.4812,$0.4557,$0.4772,"$65,633,091","$896,359,662"
"May 09, 2023",$0.4731,$0.4777,$0.4624,$0.4677,"$49,987,343","$878,498,297"
"May 08, 2023",$0.509,$0.5112,$0.4645,$0.4732,"$68,674,928","$888,708,491"
"May 07, 2023",$0.5179,$0.5203,$0.509,$0.509,"$28,539,877","$956,073,950"
"May 06, 2023",$0.5391,$0.5423,$0.5117,$0.518,"$36,614,873","$972,866,146"
"May 05, 2023",$0.5327,$0.5401,$0.5289,$0.5391,"$40,270,106","$1,012,524,150"
"May 04, 2023",$0.5441,$0.5444,$0.5313,$0.5326,"$31,266,855","$1,000,441,779"
"May 03, 2023",$0.5321,$0.546,$0.5165,$0.5441,"$49,278,869","$1,021,990,866"
"May 02, 2023",$0.5268,$0.5331,$0.522,$0.5321,"$36,123,583","$999,417,079"
"May 01, 2023",$0.5455,$0.5498,$0.5195,$0.5268,"$50,819,398","$989,540,332"
"Apr 30, 2023",$0.5545,$0.5557,$0.5399,$0.5456,"$38,175,430","$1,024,769,553"
"Apr 29, 2023",$0.5509,$0.5569,$0.5489,$0.5545,"$33,316,931","$1,041,520,967"
"Apr 28, 2023",$0.5556,$0.5571,$0.5416,$0.5509,"$46,528,800","$1,034,788,245"
"Apr 27, 2023",$0.5424,$0.5622,$0.5398,$0.5557,"$71,362,739","$1,043,683,956"
"Apr 26, 2023",$0.561,$0.5757,$0.5228,$0.5423,"$102,078,322","$1,018,664,990"
"Apr 25, 2023",$0.5546,$0.564,$0.5339,$0.561,"$80,328,493","$1,053,702,083"
"Apr 24, 2023",$0.5599,$0.5668,$0.5445,$0.5547,"$63,813,980","$1,041,812,027"
"Apr 23, 2023",$0.5712,$0.5712,$0.5485,$0.5599,"$61,626,993","$1,051,726,150"
"Apr 22, 2023",$0.5627,$0.5717,$0.5572,$0.5712,"$57,671,433","$1,072,782,421"
"Apr 21, 2023",$0.5914,$0.5938,$0.5572,$0.5627,"$89,312,391","$1,056,825,492"
"Apr 20, 2023",$0.6164,$0.6219,$0.5838,$0.5913,"$118,340,250","$1,110,692,424"
"Apr 19, 2023",$0.6857,$0.6861,$0.6092,$0.6164,"$182,631,182","$1,143,521,890"
"Apr 18, 2023",$0.6911,$0.6951,$0.6701,$0.6857,"$225,801,318","$1,271,974,330"
"Apr 17, 2023",$0.6446,$0.6954,$0.6301,$0.6902,"$322,512,106","$1,280,425,580"
"Apr 16, 2023",$0.6392,$0.6488,$0.6318,$0.6447,"$89,628,795","$1,195,881,943"
"Apr 15, 2023",$0.6408,$0.6466,$0.6293,$0.6393,"$86,855,926","$1,185,872,383"
"Apr 14, 2023",$0.617,$0.6517,$0.6158,$0.6407,"$175,856,811","$1,188,484,773"
"Apr 13, 2023",$0.6088,$0.6186,$0.6017,$0.617,"$82,987,939","$1,144,653,561"
"Apr 12, 2023",$0.608,$0.6117,$0.5836,$0.6041,"$100,675,446","$1,120,672,910"
"Apr 11, 2023",$0.6124,$0.6207,$0.6058,$0.608,"$85,889,196","$1,127,886,891"
"Apr 10, 2023",$0.6004,$0.6128,$0.5911,$0.6124,"$69,801,340","$1,135,978,158"
"Apr 09, 2023",$0.5994,$0.604,$0.5887,$0.6004,"$66,048,812","$1,113,815,563"
"Apr 08, 2023",$0.6109,$0.6135,$0.5965,$0.5994,"$67,992,549","$1,111,867,245"
"Apr 07, 2023",$0.6001,$0.6242,$0.5971,$0.6109,"$150,459,804","$1,133,309,621"
"Apr 06, 2023",$0.6159,$0.6274,$0.5938,$0.6,"$107,160,713","$1,113,066,102"
"Apr 05, 2023",$0.5972,$0.6159,$0.5934,$0.6159,"$103,158,470","$1,142,494,185"
"Apr 04, 2023",$0.5896,$0.6051,$0.5835,$0.5972,"$90,833,200","$1,107,851,465"
"Apr 03, 2023",$0.6014,$0.6209,$0.5719,$0.5896,"$152,255,700","$1,093,768,414"
"Apr 02, 2023",$0.5961,$0.6223,$0.5858,$0.6014,"$124,996,620","$1,115,579,114"
"Apr 01, 2023",$0.5886,$0.5986,$0.5845,$0.588,"$52,318,916","$1,090,729,025"
"Mar 31, 2023",$0.5779,$0.5905,$0.5654,$0.5886,"$60,937,556","$1,091,968,781"
"Mar 30, 2023",$0.5972,$0.6057,$0.5701,$0.5778,"$78,094,234","$1,071,857,202"
"Mar 29, 2023",$0.5761,$0.6058,$0.5752,$0.5972,"$81,466,474","$1,107,886,366"
"Mar 28, 2023",$0.5627,$0.5792,$0.5539,$0.5761,"$58,324,020","$1,068,773,476"
"Mar 27, 2023",$0.591,$0.5922,$0.5493,$0.5627,"$68,488,124","$1,043,840,132"
"Mar 26, 2023",$0.5796,$0.5961,$0.5783,$0.591,"$41,214,548","$1,096,340,870"
"Mar 25, 2023",$0.5874,$0.5962,$0.5738,$0.5797,"$44,038,034","$1,075,325,621"
"Mar 24, 2023",$0.6154,$0.6157,$0.5796,$0.5874,"$69,787,125","$1,089,586,127"
"Mar 23, 2023",$0.5817,$0.6198,$0.5743,$0.6154,"$88,758,760","$1,141,707,411"
"Mar 22, 2023",$0.6198,$0.6198,$0.5724,$0.5817,"$121,559,516","$1,079,060,851"
"Mar 21, 2023",$0.5978,$0.6212,$0.5846,$0.62,"$100,279,474","$1,150,084,450"
"Mar 20, 2023",$0.635,$0.6473,$0.5953,$0.5976,"$120,127,393","$1,108,627,923"
"Mar 19, 2023",$0.6227,$0.6618,$0.6227,$0.635,"$117,063,825","$1,177,970,601"
"Mar 18, 2023",$0.6455,$0.6781,$0.6218,$0.6227,"$179,648,439","$1,155,070,231"
"Mar 17, 2023",$0.5746,$0.6494,$0.5656,$0.6454,"$137,465,956","$1,197,202,480"
"Mar 16, 2023",$0.5576,$0.576,$0.5508,$0.5746,"$80,525,287","$1,065,976,518"
"Mar 15, 2023",$0.6119,$0.6225,$0.5453,$0.5574,"$135,707,691","$1,034,059,764"
"Mar 14, 2023",$0.5968,$0.646,$0.5816,$0.6119,"$158,100,496","$1,135,102,095"
"Mar 13, 2023",$0.5714,$0.6051,$0.5481,$0.5969,"$127,056,302","$1,107,266,773"
"Mar 12, 2023",$0.5217,$0.5713,$0.5141,$0.5713,"$79,848,665","$1,059,725,563"
"Mar 11, 2023",$0.5274,$0.5487,$0.5025,$0.5217,"$101,835,245","$967,848,568"
"Mar 10, 2023",$0.5174,$0.5298,$0.4857,$0.5274,"$107,615,404","$978,410,653"
"Mar 09, 2023",$0.5481,$0.5638,$0.5077,$0.5173,"$92,054,133","$959,721,369"
"Mar 08, 2023",$0.591,$0.5917,$0.5449,$0.548,"$76,996,001","$1,016,647,363"
"Mar 07, 2023",$0.612,$0.619,$0.5758,$0.591,"$102,164,358","$1,096,391,781"
"Mar 06, 2023",$0.5771,$0.622,$0.5657,$0.6123,"$158,270,566","$1,135,818,027"
"Mar 05, 2023",$0.5773,$0.5925,$0.575,$0.5769,"$51,119,017","$1,070,276,506"
"Mar 04, 2023",$0.6008,$0.6122,$0.5672,$0.5772,"$68,342,916","$1,070,833,925"
"Mar 03, 2023",$0.6381,$0.6385,$0.5799,$0.6006,"$97,771,418","$1,114,241,678"
"Mar 02, 2023",$0.6574,$0.6592,$0.6257,$0.6381,"$60,721,989","$1,183,653,973"
"Mar 01, 2023",$0.6265,$0.6588,$0.624,$0.6574,"$74,552,427","$1,219,447,833"
"Feb 28, 2023",$0.6537,$0.6588,$0.6226,$0.6265,"$79,938,589","$1,162,187,521"
"Feb 27, 2023",$0.6634,$0.672,$0.6385,$0.6537,"$85,155,500","$1,212,585,821"
"Feb 26, 2023",$0.6502,$0.6684,$0.6436,$0.6635,"$62,060,105","$1,230,811,978"
"Feb 25, 2023",$0.6682,$0.6701,$0.626,$0.6503,"$100,192,449","$1,206,375,176"
"Feb 24, 2023",$0.7016,$0.7038,$0.6545,$0.6682,"$117,675,430","$1,239,554,823"
"Feb 23, 2023",$0.701,$0.7158,$0.6865,$0.7017,"$109,246,033","$1,301,729,330"
"Feb 22, 2023",$0.7047,$0.7065,$0.6751,$0.701,"$117,577,345","$1,300,385,202"
"Feb 21, 2023",$0.7425,$0.7463,$0.6952,$0.7046,"$164,449,262","$1,307,134,996"
"Feb 20, 2023",$0.7185,$0.7571,$0.6943,$0.7424,"$223,673,684","$1,377,293,218"
"Feb 19, 2023",$0.7152,$0.7499,$0.7057,$0.7183,"$156,175,565","$1,332,476,538"
"Feb 18, 2023",$0.7165,$0.7339,$0.7088,$0.7154,"$102,514,107","$1,327,103,812"
"Feb 17, 2023",$0.6785,$0.7281,$0.6773,$0.7164,"$162,515,886","$1,329,016,217"
"Feb 16, 2023",$0.7302,$0.7475,$0.6771,$0.6781,"$255,882,511","$1,258,012,034"
"Feb 15, 2023",$0.6758,$0.7304,$0.6605,$0.7303,"$161,812,226","$1,354,760,028"
"Feb 14, 2023",$0.6448,$0.6807,$0.6301,$0.6758,"$158,355,014","$1,253,691,701"
"Feb 13, 2023",$0.6609,$0.6639,$0.6199,$0.645,"$155,895,927","$1,196,475,697"
"Feb 12, 2023",$0.6952,$0.698,$0.6575,$0.6608,"$112,693,165","$1,225,828,938"
"Feb 11, 2023",$0.6891,$0.6962,$0.6789,$0.6952,"$113,390,659","$1,289,685,317"
"Feb 10, 2023",$0.6779,$0.7179,$0.6685,$0.689,"$173,662,324","$1,278,175,724"
"Feb 09, 2023",$0.7661,$0.7685,$0.6697,$0.6779,"$230,040,146","$1,257,610,324"
"Feb 08, 2023",$0.8064,$0.8173,$0.7428,$0.7659,"$273,469,653","$1,420,890,709"
"Feb 07, 2023",$0.709,$0.8178,$0.7086,$0.8066,"$289,863,443","$1,496,240,226"
"Feb 06, 2023",$0.7369,$0.7448,$0.7061,$0.709,"$126,911,805","$1,315,313,871"
"Feb 05, 2023",$0.7807,$0.7835,$0.7217,$0.7369,"$175,913,574","$1,367,028,224"
"Feb 04, 2023",$0.7896,$0.8051,$0.7743,$0.7807,"$134,478,626","$1,448,287,749"
"Feb 03, 2023",$0.7824,$0.7943,$0.7681,$0.7898,"$178,555,706","$1,465,070,547"
"Feb 02, 2023",$0.8018,$0.8393,$0.7783,$0.7825,"$245,694,201","$1,451,628,672"
"Feb 01, 2023",$0.7505,$0.81,$0.7101,$0.8018,"$302,791,540","$1,487,493,707"
"Jan 31, 2023",$0.7495,$0.7551,$0.7236,$0.7507,"$198,148,757","$1,392,682,108"
"Jan 30, 2023",$0.8067,$0.8089,$0.7177,$0.7489,"$359,193,957","$1,389,316,821"
"Jan 29, 2023",$0.6946,$0.8079,$0.6864,$0.8061,"$608,337,171","$1,495,395,243"
"Jan 28, 2023",$0.6787,$0.7291,$0.6787,$0.6946,"$268,226,115","$1,288,557,081"
"Jan 27, 2023",$0.6769,$0.6935,$0.6537,$0.6785,"$126,017,687","$1,258,756,351"
"Jan 26, 2023",$0.6892,$0.6992,$0.6633,$0.6769,"$152,590,189","$1,255,745,518"
"Jan 25, 2023",$0.6618,$0.7134,$0.6415,$0.6895,"$212,732,346","$1,279,081,665"
"Jan 24, 2023",$0.7257,$0.7382,$0.655,$0.6618,"$198,501,825","$1,227,625,405"
"Jan 23, 2023",$0.7258,$0.7448,$0.7085,$0.7261,"$278,015,412","$1,346,890,735"
"Jan 22, 2023",$0.7171,$0.7534,$0.6961,$0.7255,"$328,331,360","$1,345,894,736"
"Jan 21, 2023",$0.7331,$0.7766,$0.7152,$0.7171,"$595,076,698","$1,330,317,243"
"Jan 20, 2023",$0.6461,$0.7445,$0.6179,$0.733,"$403,661,089","$1,359,795,403"
"Jan 19, 2023",$0.6372,$0.676,$0.6313,$0.6461,"$250,897,087","$1,198,571,456"
"Jan 18, 2023",$0.6878,$0.7109,$0.6359,$0.6373,"$435,563,561","$1,182,200,100"
"Jan 17, 2023",$0.6986,$0.7496,$0.6813,$0.6878,"$545,918,663","$1,275,851,035"
"Jan 16, 2023",$0.7017,$0.7278,$0.6742,$0.6985,"$743,686,638","$1,295,813,254"
"Jan 15, 2023",$0.5958,$0.7185,$0.5537,$0.7019,"$878,936,017","$1,302,115,229"
"Jan 14, 2023",$0.5296,$0.6246,$0.5296,$0.5957,"$849,471,673","$1,105,085,229"
"Jan 13, 2023",$0.4125,$0.5456,$0.4085,$0.5295,"$459,531,647","$982,263,709"
"Jan 12, 2023",$0.4055,$0.4155,$0.3926,$0.4125,"$105,630,768","$765,133,869"
"Jan 11, 2023",$0.4022,$0.4056,$0.3814,$0.4056,"$75,070,986","$752,466,741"
"Jan 10, 2023",$0.3956,$0.4138,$0.393,$0.4023,"$100,094,759","$746,208,932"
"Jan 09, 2023",$0.3779,$0.425,$0.3768,$0.3956,"$228,137,776","$733,953,040"
"Jan 08, 2023",$0.351,$0.3855,$0.3417,$0.3778,"$133,257,292","$700,936,531"
"Jan 07, 2023",$0.3282,$0.3583,$0.3273,$0.3511,"$118,648,310","$651,366,685"
"Jan 06, 2023",$0.3209,$0.3303,$0.3117,$0.3282,"$42,687,925","$608,877,200"
"Jan 05, 2023",$0.322,$0.3321,$0.3193,$0.3209,"$51,213,960","$595,253,410"
"Jan 04, 2023",$0.309,$0.3278,$0.3085,$0.322,"$63,060,118","$597,399,965"
"Jan 03, 2023",$0.3105,$0.313,$0.3049,$0.309,"$29,140,207","$573,308,284"
"Jan 02, 2023",$0.3014,$0.3125,$0.2975,$0.3105,"$38,919,057","$575,936,197"
"Jan 01, 2023",$0.297,$0.3017,$0.2918,$0.3014,"$24,688,667","$559,156,404"
