Date,Open*,High,Low,Close**,Volume,Market Cap
2023-06-15,$0.3339,$0.3368,$0.3241,$0.333,36924956.0,625481709.0
2023-06-16,$0.333,$0.3412,$0.3277,$0.3363,29841050.0,631595284.0
2023-06-17,$0.3362,$0.3481,$0.3347,$0.3409,28976109.0,640305192.0
2023-06-18,$0.3409,$0.3443,$0.3354,$0.3359,27046833.0,630840413.0
2023-06-19,$0.3359,$0.3411,$0.3318,$0.3387,29818452.0,636101332.0
2023-06-20,$0.3387,$0.3507,$0.3299,$0.3507,39169626.0,658740754.0
2023-06-21,$0.3507,$0.3753,$0.3497,$0.3727,65074486.0,705589067.0
2023-06-22,$0.3727,$0.3897,$0.367,$0.3682,56426524.0,697005837.0
2023-06-23,$0.3682,$0.3946,$0.3681,$0.3897,67428314.0,737691571.0
2023-06-24,$0.3897,$0.429,$0.3833,$0.4016,138042634.0,760230417.0
2023-06-25,$0.4016,$0.4114,$0.391,$0.3927,71985715.0,743500695.0
2023-06-26,$0.3928,$0.3931,$0.3729,$0.3779,53646792.0,715383053.0
2023-06-27,$0.3779,$0.3928,$0.3778,$0.3888,44645375.0,735959841.0
2023-06-28,$0.3889,$0.3894,$0.3567,$0.3608,47945417.0,682962147.0
2023-06-29,$0.3608,$0.3728,$0.3598,$0.3679,39564472.0,696489828.0
2023-06-30,$0.3679,$0.3896,$0.3611,$0.3848,77316386.0,728409718.0
2023-07-01,$0.3848,$0.4201,$0.3838,$0.4177,128277106.0,790825146.0
2023-07-02,$0.4178,$0.4188,$0.3982,$0.4059,64924009.0,768477417.0
2023-07-03,$0.406,$0.4123,$0.4001,$0.4072,51914232.0,770961173.0
2023-07-04,$0.4073,$0.4157,$0.3944,$0.3972,49624474.0,751914139.0
2023-07-05,$0.3972,$0.4025,$0.3794,$0.3855,44213009.0,729835879.0
2023-07-06,$0.3855,$0.4008,$0.3731,$0.3731,49626261.0,706226518.0
2023-07-07,$0.373,$0.3833,$0.3701,$0.3818,33717875.0,722866364.0
2023-07-08,$0.3819,$0.3897,$0.3808,$0.3873,33888949.0,733205346.0
2023-07-09,$0.3873,$0.3899,$0.3794,$0.3798,25999277.0,719067513.0
2023-07-10,$0.3798,$0.3922,$0.3711,$0.3838,36842339.0,726519443.0
2023-07-11,$0.3838,$0.3919,$0.3812,$0.3915,31813907.0,741091461.0
2023-07-12,$0.3915,$0.3986,$0.388,$0.3938,37783591.0,745539835.0
2023-07-13,$0.3938,$0.4423,$0.3861,$0.4422,99444923.0,837127005.0
2023-07-14,$0.4422,$0.4452,$0.4015,$0.4142,97944649.0,784045229.0
2023-07-15,$0.4142,$0.4246,$0.4062,$0.4182,38088681.0,791620110.0
2023-07-16,$0.4181,$0.4261,$0.4064,$0.4067,42133376.0,769992818.0
2023-07-17,$0.4067,$0.4196,$0.4026,$0.4179,50003721.0,791101490.0
2023-07-18,$0.4179,$0.4235,$0.3966,$0.4005,48515036.0,758116041.0
2023-07-19,$0.4005,$0.408,$0.3972,$0.3998,41808713.0,756840765.0
2023-07-20,$0.3998,$0.4056,$0.396,$0.4,49674202.0,757275270.0
2023-07-21,$0.4,$0.404,$0.3976,$0.401,37033870.0,759165744.0
2023-07-22,$0.401,$0.4068,$0.3943,$0.3968,31422446.0,751245111.0
2023-07-23,$0.3969,$0.4095,$0.3955,$0.406,34560843.0,768596071.0
2023-07-24,$0.406,$0.4081,$0.3846,$0.3871,49825508.0,732903095.0
2023-07-25,$0.3871,$0.3879,$0.3808,$0.3863,33848112.0,731351033.0
2023-07-26,$0.3863,$0.3926,$0.3815,$0.3889,33283841.0,736220762.0
2023-07-27,$0.3889,$0.3942,$0.3821,$0.3844,32916332.0,727781129.0
2023-07-28,$0.3844,$0.3911,$0.3821,$0.3889,26286609.0,736176078.0
2023-07-29,$0.3889,$0.3917,$0.3871,$0.3914,26436597.0,740902096.0
2023-07-30,$0.3914,$0.3976,$0.3834,$0.3886,39065109.0,735616129.0
2023-07-31,$0.3886,$0.3925,$0.3791,$0.3823,30512663.0,723707531.0
2023-08-01,$0.3823,$0.3868,$0.3757,$0.3854,41192179.0,729534255.0
2023-08-02,$0.3853,$0.3866,$0.3724,$0.3733,32813525.0,706666847.0
2023-08-03,$0.3733,$0.3755,$0.3667,$0.3678,26597547.0,696260108.0
2023-08-04,$0.3677,$0.3701,$0.3608,$0.3637,27997146.0,688599614.0
2023-08-05,$0.3637,$0.3696,$0.3601,$0.3693,24073803.0,699087852.0
2023-08-06,$0.3693,$0.3754,$0.3689,$0.3738,34467723.0,707697018.0
2023-08-07,$0.3738,$0.3797,$0.3589,$0.3664,47537975.0,693588514.0
2023-08-08,$0.3664,$0.3747,$0.3626,$0.3705,37875055.0,701477438.0
2023-08-09,$0.3706,$0.3736,$0.3653,$0.3676,45105400.0,695928925.0
2023-08-10,$0.3676,$0.3712,$0.3658,$0.3668,37266683.0,694388659.0
2023-08-11,$0.3668,$0.3708,$0.3654,$0.3697,44496493.0,699813163.0
2023-08-12,$0.3697,$0.3722,$0.368,$0.3707,49951634.0,701750258.0
2023-08-13,$0.3707,$0.3713,$0.3654,$0.3661,50874755.0,692982254.0
2023-08-14,$0.3661,$0.3679,$0.3623,$0.3651,63332152.0,691263100.0
2023-08-15,$0.3652,$0.3664,$0.3392,$0.3451,55997193.0,653297831.0
2023-08-16,$0.3451,$0.3453,$0.3236,$0.3282,55822026.0,621225399.0
2023-08-17,$0.3281,$0.3345,$0.2845,$0.2962,72462568.0,560815338.0
2023-08-18,$0.2963,$0.3096,$0.2957,$0.3065,62278135.0,580145221.0
2023-08-19,$0.3065,$0.3091,$0.3036,$0.3081,45006746.0,583355222.0
2023-08-20,$0.3082,$0.311,$0.3049,$0.3085,35808268.0,583926347.0
2023-08-21,$0.3084,$0.3091,$0.2968,$0.3011,49732779.0,570057152.0
2023-08-22,$0.3011,$0.3063,$0.2917,$0.3037,54802680.0,574852826.0
2023-08-23,$0.3037,$0.3141,$0.2999,$0.3112,49090406.0,589158392.0
2023-08-24,$0.3112,$0.3141,$0.302,$0.3052,48145215.0,577681708.0
2023-08-25,$0.3052,$0.3061,$0.3,$0.3054,44607867.0,578069049.0
2023-08-26,$0.3054,$0.3084,$0.2989,$0.2993,38502947.0,566546216.0
2023-08-27,$0.2993,$0.3022,$0.2975,$0.2999,32117177.0,567692618.0
2023-08-28,$0.2999,$0.3036,$0.2938,$0.3008,33178753.0,569462012.0
2023-08-29,$0.3008,$0.317,$0.2916,$0.3138,56214608.0,594098731.0
2023-08-30,$0.3138,$0.3161,$0.3041,$0.3053,45369902.0,577951954.0
2023-08-31,$0.3053,$0.3063,$0.2915,$0.2943,51834018.0,557214969.0
2023-09-01,$0.2943,$0.2966,$0.2887,$0.293,34662562.0,554752834.0
2023-09-02,$0.293,$0.2943,$0.2876,$0.292,29157418.0,552761794.0
2023-09-03,$0.292,$0.2946,$0.2878,$0.2905,28635451.0,549913149.0
2023-09-04,$0.2905,$0.2962,$0.2897,$0.292,33497644.0,552733652.0
2023-09-05,$0.292,$0.2948,$0.2895,$0.2929,38199964.0,554565199.0
2023-09-06,$0.2929,$0.2985,$0.2888,$0.2952,39251108.0,558807707.0
2023-09-07,$0.2952,$0.2998,$0.2923,$0.298,30489801.0,564095432.0
2023-09-08,$0.2981,$0.3008,$0.2913,$0.2932,28418995.0,554967560.0
2023-09-09,$0.2932,$0.296,$0.292,$0.294,18153808.0,556582450.0
2023-09-10,$0.294,$0.294,$0.2801,$0.282,31395457.0,533760031.0
2023-09-11,$0.282,$0.2827,$0.2662,$0.2694,56950248.0,509961619.0
2023-09-12,$0.2694,$0.281,$0.2687,$0.2695,41351929.0,510125308.0
2023-09-13,$0.2695,$0.2812,$0.268,$0.2803,36438379.0,530632247.0
2023-09-14,$0.2803,$0.2953,$0.2798,$0.2893,56373019.0,547592024.0
2023-09-15,$0.2893,$0.2972,$0.2879,$0.2959,33736077.0,560142064.0
2023-09-16,$0.2959,$0.3028,$0.2959,$0.3014,33551836.0,570571805.0
2023-09-17,$0.3014,$0.3015,$0.287,$0.2889,24382951.0,546957818.0
2023-09-18,$0.2889,$0.2968,$0.2861,$0.2925,27243267.0,553670486.0
2023-09-19,$0.2925,$0.3012,$0.2917,$0.2987,33571433.0,565480332.0
2023-09-20,$0.2987,$0.3017,$0.2925,$0.2996,29718139.0,567087652.0
2023-09-21,$0.2996,$0.3035,$0.2921,$0.2936,42798522.0,555765492.0
2023-09-22,$0.2936,$0.2954,$0.2912,$0.2941,23619742.0,556819099.0
2023-09-23,$0.2941,$0.2972,$0.2926,$0.2936,16916715.0,555771727.0
2023-09-24,$0.2936,$0.2996,$0.2924,$0.2933,39016859.0,555308268.0
2023-09-25,$0.2933,$0.3012,$0.2922,$0.2987,29008848.0,565537229.0
2023-09-26,$0.2988,$0.2992,$0.2932,$0.2968,25484109.0,561876469.0
2023-09-27,$0.2968,$0.3018,$0.2919,$0.2933,35134079.0,555285283.0
2023-09-28,$0.2933,$0.2999,$0.2928,$0.299,58453531.0,566018585.0
2023-09-29,$0.299,$0.3229,$0.2986,$0.316,53916179.0,598218384.0
2023-09-30,$0.316,$0.316,$0.3065,$0.3092,35867756.0,585282913.0
2023-10-01,$0.3092,$0.3262,$0.3083,$0.3237,32534991.0,612761276.0
2023-10-02,$0.3237,$0.3256,$0.3086,$0.3114,37327269.0,589569736.0
2023-10-03,$0.3114,$0.313,$0.3017,$0.3019,27856725.0,571521527.0
2023-10-04,$0.3019,$0.3019,$0.2908,$0.2976,38720564.0,563385868.0
2023-10-05,$0.2976,$0.2997,$0.2927,$0.2933,29824920.0,555162359.0
2023-10-06,$0.2932,$0.3014,$0.2932,$0.3006,21122934.0,569018980.0
2023-10-07,$0.3006,$0.3019,$0.2978,$0.2989,15013850.0,565925138.0
2023-10-08,$0.2989,$0.2998,$0.2949,$0.2972,16623406.0,562661680.0
2023-10-09,$0.2972,$0.2983,$0.277,$0.2812,34235050.0,532349597.0
2023-10-10,$0.2812,$0.2821,$0.2761,$0.2778,19805577.0,525956857.0
2023-10-11,$0.2778,$0.2797,$0.2731,$0.2783,19350704.0,526925035.0
2023-10-12,$0.2783,$0.2795,$0.2746,$0.2784,16929875.0,527131225.0
2023-10-13,$0.2784,$0.2842,$0.2779,$0.2811,16373097.0,532230777.0
2023-10-14,$0.2812,$0.2863,$0.281,$0.2838,18504252.0,537271522.0
2023-10-15,$0.2838,$0.2886,$0.283,$0.2856,15752166.0,540714349.0
2023-10-16,$0.2856,$0.2977,$0.2856,$0.2886,35507977.0,546406619.0
2023-10-17,$0.2886,$0.2886,$0.279,$0.2811,25312166.0,532078482.0
2023-10-18,$0.2811,$0.2832,$0.2767,$0.2772,18148300.0,524785440.0
2023-10-19,$0.2772,$0.2795,$0.2729,$0.2783,18313283.0,526927518.0
2023-10-20,$0.2784,$0.2905,$0.2768,$0.2866,28656327.0,542524856.0
2023-10-21,$0.2866,$0.3025,$0.2866,$0.2989,32739156.0,565837257.0
2023-10-22,$0.2989,$0.305,$0.2958,$0.3049,69269451.0,577127004.0
2023-10-23,$0.3046,$0.3256,$0.3037,$0.3256,77630785.0,616482927.0
2023-10-24,$0.3257,$0.3538,$0.3242,$0.3505,151882912.0,663574858.0
2023-10-25,$0.3506,$0.3593,$0.3377,$0.3464,93770940.0,655823043.0
2023-10-26,$0.3465,$0.3652,$0.3366,$0.3528,116679456.0,667899668.0
2023-10-27,$0.3528,$0.3528,$0.3361,$0.3402,59930696.0,644063081.0
2023-10-28,$0.3402,$0.3533,$0.3398,$0.351,32989581.0,664521286.0
2023-10-29,$0.3511,$0.3881,$0.3453,$0.379,107785711.0,717468760.0
2023-10-30,$0.379,$0.3881,$0.3683,$0.3781,78917362.0,715789338.0
2023-10-31,$0.3781,$0.38,$0.3546,$0.3639,74908915.0,688858324.0
2023-11-01,$0.3639,$0.3804,$0.3526,$0.3803,72214902.0,720032319.0
2023-11-02,$0.3804,$0.4182,$0.3804,$0.4037,193801912.0,764301354.0
2023-11-03,$0.4037,$0.4037,$0.3877,$0.4,78509120.0,757171050.0
2023-11-04,$0.4,$0.4094,$0.3948,$0.407,58381115.0,770482686.0
2023-11-05,$0.407,$0.4189,$0.3966,$0.4039,83375677.0,764646989.0
2023-11-06,$0.4039,$0.4278,$0.4019,$0.4237,123737909.0,802143246.0
2023-11-07,$0.4237,$0.4343,$0.4006,$0.4174,104637743.0,790177779.0
2023-11-08,$0.4174,$0.4294,$0.4107,$0.4279,68969820.0,809963896.0
2023-11-09,$0.4278,$0.4474,$0.4035,$0.4177,145864371.0,790837824.0
2023-11-10,$0.4178,$0.4376,$0.4145,$0.4344,110853315.0,822296101.0
2023-11-11,$0.4344,$0.5022,$0.416,$0.4701,213603002.0,889873282.0
2023-11-12,$0.47,$0.4762,$0.452,$0.4662,114121344.0,882548524.0
2023-11-13,$0.4662,$0.4861,$0.4466,$0.4466,140966631.0,845522564.0
2023-11-14,$0.4465,$0.4496,$0.4084,$0.4268,124739092.0,808064243.0
2023-11-15,$0.4268,$0.4543,$0.4218,$0.452,108740911.0,855639466.0
2023-11-16,$0.452,$0.4605,$0.4249,$0.4313,110167997.0,816422192.0
2023-11-17,$0.4311,$0.4432,$0.4072,$0.4268,84456377.0,807897047.0
2023-11-18,$0.4268,$0.4272,$0.398,$0.4172,70607181.0,789887890.0
2023-11-19,$0.4173,$0.4337,$0.4092,$0.4313,55038692.0,816428210.0
2023-11-20,$0.4312,$0.436,$0.4193,$0.421,73807891.0,796982048.0
2023-11-21,$0.421,$0.428,$0.3774,$0.3784,86771443.0,716369925.0
2023-11-22,$0.3783,$0.4087,$0.377,$0.4047,69290520.0,766105448.0
2023-11-23,$0.4047,$0.4094,$0.3997,$0.4055,55255643.0,767578896.0
2023-11-24,$0.4055,$0.4169,$0.4047,$0.4134,64648937.0,782585867.0
2023-11-25,$0.4134,$0.4728,$0.4117,$0.4633,270135990.0,877004743.0
2023-11-26,$0.4633,$0.4674,$0.4446,$0.4505,147861394.0,852860440.0
2023-11-27,$0.4504,$0.4653,$0.4294,$0.4403,125209678.0,833577218.0
2023-11-28,$0.4403,$0.4442,$0.4241,$0.4438,87569795.0,840197396.0
2023-11-29,$0.4438,$0.4445,$0.4327,$0.4412,83645905.0,835183663.0
2023-11-30,$0.4412,$0.4415,$0.43,$0.4321,60050441.0,817987026.0
2023-12-01,$0.4321,$0.4412,$0.4289,$0.4396,63262384.0,832113648.0
2023-12-02,$0.4395,$0.4599,$0.4377,$0.4582,72920960.0,867467164.0
2023-12-03,$0.4582,$0.4599,$0.4452,$0.4505,79345245.0,852763780.0
2023-12-04,$0.4504,$0.469,$0.4416,$0.4518,129322455.0,855236231.0
2023-12-05,$0.4518,$0.4784,$0.4504,$0.4699,153983316.0,889478935.0
2023-12-06,$0.4699,$0.4928,$0.4617,$0.4726,173981748.0,894628321.0
2023-12-07,$0.4727,$0.502,$0.466,$0.502,172890467.0,950345695.0
2023-12-08,$0.502,$0.5227,$0.4871,$0.521,137399599.0,986232944.0
2023-12-09,$0.5209,$0.5502,$0.5206,$0.5348,178217337.0,1012432329.0
2023-12-10,$0.5347,$0.5729,$0.5249,$0.5316,239373503.0,1006417087.0
2023-12-11,$0.5318,$0.5333,$0.4734,$0.4896,249999821.0,926908502.0
2023-12-12,$0.4896,$0.4972,$0.48,$0.4947,113504298.0,936439281.0
2023-12-13,$0.4947,$0.504,$0.4636,$0.5023,129505256.0,950892111.0
2023-12-14,$0.5022,$0.5167,$0.4945,$0.5138,104322267.0,972601574.0
2023-12-15,$0.5138,$0.5139,$0.4839,$0.4839,77297560.0,916148967.0
2023-12-16,$0.484,$0.5049,$0.4798,$0.5021,77581715.0,950526453.0
2023-12-17,$0.5021,$0.5096,$0.4809,$0.4823,82522482.0,913024171.0
2023-12-18,$0.4822,$0.4846,$0.4474,$0.4748,96036058.0,898873454.0
2023-12-19,$0.4749,$0.4876,$0.4704,$0.4754,71590764.0,900012599.0
2023-12-20,$0.4754,$0.5105,$0.471,$0.5011,82390353.0,948565453.0
2023-12-21,$0.5011,$0.5215,$0.4948,$0.5215,90231338.0,987295833.0
2023-12-22,$0.5215,$0.5285,$0.5095,$0.5281,83829839.0,999736380.0
2023-12-23,$0.528,$0.5299,$0.5104,$0.5147,70909085.0,974438325.0
2023-12-24,$0.5148,$0.5528,$0.5083,$0.5416,147485118.0,1025281034.0
2023-12-25,$0.5415,$0.5706,$0.5241,$0.561,192661979.0,1062118698.0
2023-12-26,$0.561,$0.6045,$0.5299,$0.5592,239104790.0,1058597200.0
2023-12-27,$0.5592,$0.5627,$0.5325,$0.5554,106282847.0,1051403336.0
2023-12-28,$0.5555,$0.5641,$0.5236,$0.5302,99798303.0,1003663034.0
2023-12-29,$0.5301,$0.5389,$0.5056,$0.5157,109677664.0,976233994.0
2023-12-30,$0.5157,$0.5206,$0.5062,$0.5167,67912487.0,978215991.0
2023-12-31,$0.5167,$0.5317,$0.5124,$0.5206,75472097.0,985513306.0
2024-01-01,$0.5209,$0.5405,$0.517,$0.5398,87899199.0,1021881465.0
2024-01-02,$0.5398,$0.5504,$0.5249,$0.5289,90985844.0,1001335109.0
2024-01-03,$0.5289,$0.5378,$0.4418,$0.4674,146207802.0,884779233.0
2024-01-04,$0.4674,$0.4778,$0.4612,$0.4762,97031089.0,901543163.0
2024-01-05,$0.4762,$0.4799,$0.4433,$0.461,97720155.0,872733995.0
2024-01-06,$0.461,$0.4612,$0.4295,$0.4533,66889291.0,858129317.0
2024-01-07,$0.4533,$0.4634,$0.424,$0.4267,46358182.0,807823486.0
2024-01-08,$0.4267,$0.4542,$0.3981,$0.4536,85690877.0,858707796.0
2024-01-09,$0.4536,$0.454,$0.4172,$0.4332,55912242.0,820151210.0
2024-01-10,$0.4333,$0.4738,$0.4223,$0.4645,104677471.0,879380751.0
2024-01-11,$0.4647,$0.4921,$0.4635,$0.4855,127401255.0,919078345.0
2024-01-12,$0.4854,$0.4956,$0.4467,$0.4618,118880732.0,874224456.0
2024-01-13,$0.4618,$0.4783,$0.4493,$0.4679,80474783.0,885719599.0
2024-01-14,$0.4679,$0.4681,$0.4449,$0.4454,68014576.0,843241129.0
2024-01-15,$0.4454,$0.4602,$0.4454,$0.4519,65168321.0,855404050.0
2024-01-16,$0.4519,$0.4671,$0.4499,$0.4632,67629957.0,876848593.0
2024-01-17,$0.4631,$0.4683,$0.4534,$0.4621,63263885.0,874783867.0
2024-01-18,$0.4621,$0.4694,$0.4318,$0.4399,77817623.0,832720689.0
2024-01-19,$0.4399,$0.476,$0.429,$0.468,137345908.0,885891903.0
2024-01-20,$0.468,$0.4801,$0.4595,$0.4732,76873185.0,895892659.0
2024-01-21,$0.4733,$0.4915,$0.4698,$0.4748,73455902.0,898826371.0
2024-01-22,$0.4749,$0.4784,$0.4402,$0.4418,78392967.0,836328986.0
2024-01-23,$0.4418,$0.4481,$0.4083,$0.4247,90097122.0,804074200.0
2024-01-24,$0.4248,$0.4449,$0.4215,$0.4392,66690754.0,831506291.0
2024-01-25,$0.4392,$0.4395,$0.4264,$0.4334,47105756.0,820443782.0
2024-01-26,$0.4334,$0.4514,$0.429,$0.451,52654482.0,853824560.0
2024-01-27,$0.4511,$0.4558,$0.4427,$0.4544,41498420.0,860171123.0
2024-01-28,$0.4544,$0.4627,$0.4425,$0.4456,43612505.0,843526092.0
2024-01-29,$0.4456,$0.4602,$0.44,$0.4589,44985276.0,868770844.0
2024-01-30,$0.4589,$0.4608,$0.4439,$0.445,60824795.0,842432406.0
2024-01-31,$0.445,$0.4466,$0.4288,$0.4317,57930305.0,817183114.0
2024-02-01,$0.4316,$0.4365,$0.4235,$0.4356,51450817.0,824718282.0
2024-02-02,$0.4356,$0.4462,$0.4341,$0.4409,46898278.0,834659973.0
2024-02-03,$0.4409,$0.4444,$0.4359,$0.4395,36098871.0,832022117.0
2024-02-04,$0.4395,$0.4396,$0.4298,$0.4308,27540695.0,815451321.0
2024-02-05,$0.4308,$0.4401,$0.4253,$0.4345,37769108.0,822457001.0
2024-02-06,$0.4344,$0.4388,$0.4296,$0.4313,38150460.0,816408469.0
2024-02-07,$0.4313,$0.4482,$0.4243,$0.446,48078163.0,844333438.0
2024-02-08,$0.446,$0.453,$0.4416,$0.4491,56460134.0,850205068.0
2024-02-09,$0.4491,$0.4687,$0.4491,$0.4669,76899882.0,883954567.0
2024-02-10,$0.467,$0.4748,$0.4613,$0.4615,57557131.0,873645441.0
2024-02-11,$0.4615,$0.473,$0.4604,$0.4704,60917266.0,890418389.0
2024-02-12,$0.4704,$0.4905,$0.4618,$0.484,79526321.0,916294439.0
2024-02-13,$0.484,$0.4852,$0.4597,$0.4686,68977218.0,887110955.0
2024-02-14,$0.4686,$0.4888,$0.466,$0.4871,78005490.0,922153990.0
2024-02-15,$0.4871,$0.5064,$0.484,$0.5042,108149290.0,954419717.0
2024-02-16,$0.5042,$0.5118,$0.4893,$0.4979,81057676.0,942646106.0
2024-02-17,$0.4979,$0.5175,$0.4786,$0.4872,95280135.0,922382338.0
2024-02-18,$0.4872,$0.5099,$0.4857,$0.5038,87255052.0,953662150.0
2024-02-19,$0.5038,$0.5191,$0.4996,$0.5153,100461104.0,975559921.0
2024-02-20,$0.5153,$0.518,$0.4827,$0.4997,101312793.0,945947355.0
2024-02-21,$0.4997,$0.5004,$0.463,$0.48,71459670.0,908608297.0
2024-02-22,$0.48,$0.496,$0.4695,$0.4875,77011037.0,922814897.0
2024-02-23,$0.4874,$0.4899,$0.4718,$0.4808,75681413.0,910126952.0
2024-02-24,$0.4807,$0.5042,$0.4754,$0.5012,82406443.0,948727658.0
2024-02-25,$0.5011,$0.5147,$0.4936,$0.5147,67967897.0,974453851.0
2024-02-26,$0.5146,$0.5407,$0.5088,$0.5377,178980370.0,1017985332.0
2024-02-27,$0.5378,$0.5725,$0.5282,$0.5651,181378526.0,1078440336.0
2024-02-28,$0.5652,$0.6053,$0.5462,$0.5721,220373104.0,1091691233.0
2024-02-29,$0.5721,$0.6678,$0.5631,$0.657,273672751.0,1253687466.0
2024-03-01,$0.6565,$0.6829,$0.6268,$0.6646,260720311.0,1268300442.0
2024-03-02,$0.6647,$0.7008,$0.6523,$0.6826,222587523.0,1302648786.0
2024-03-03,$0.6827,$0.7048,$0.6159,$0.6566,303679322.0,1252961885.0
2024-03-04,$0.6566,$0.6927,$0.6418,$0.6649,243096532.0,1268830173.0
2024-03-05,$0.6649,$0.711,$0.5602,$0.6138,379048778.0,1171395772.0
2024-03-06,$0.6138,$0.6589,$0.5864,$0.6549,238256159.0,1249895048.0
2024-03-07,$0.655,$0.7076,$0.6477,$0.6949,221626185.0,1326146366.0
2024-03-08,$0.6949,$0.7085,$0.6537,$0.7083,185904696.0,1351714588.0
2024-03-09,$0.7083,$0.7819,$0.6967,$0.7537,334786985.0,1438213534.0
2024-03-10,$0.7537,$0.8185,$0.7507,$0.7703,369774655.0,1469987293.0
2024-03-11,$0.7703,$0.7877,$0.7355,$0.7792,222783390.0,1486971838.0
2024-03-12,$0.7792,$0.8004,$0.7197,$0.7672,200796295.0,1464071330.0
2024-03-13,$0.7672,$0.781,$0.7412,$0.7606,132388301.0,1451374859.0
2024-03-14,$0.7606,$0.7718,$0.7024,$0.7441,184363464.0,1419999502.0
2024-03-15,$0.7441,$0.7514,$0.6419,$0.6887,211605005.0,1314297195.0
2024-03-16,$0.6887,$0.7045,$0.6108,$0.6241,149953181.0,1190923898.0
2024-03-17,$0.6241,$0.6522,$0.5934,$0.6454,122620622.0,1231690992.0
2024-03-18,$0.6454,$0.6545,$0.597,$0.6182,109920741.0,1179730675.0
2024-03-19,$0.6182,$0.6244,$0.5453,$0.5698,169817091.0,1087367826.0
2024-03-20,$0.5698,$0.6407,$0.5474,$0.6394,149750705.0,1220345654.0
2024-03-21,$0.6395,$0.6475,$0.6178,$0.6334,106644218.0,1208804293.0
2024-03-22,$0.6334,$0.6474,$0.601,$0.623,103105135.0,1188854212.0
2024-03-23,$0.623,$0.653,$0.6179,$0.6337,81084491.0,1209318912.0
2024-03-24,$0.6337,$0.6547,$0.6273,$0.6517,68809272.0,1243725425.0
2024-03-25,$0.6517,$0.6755,$0.6401,$0.6654,120006524.0,1269836403.0
2024-03-26,$0.6654,$0.6945,$0.6648,$0.6916,131683564.0,1319872163.0
2024-03-27,$0.6916,$0.7025,$0.6546,$0.6653,110090134.0,1269542512.0
2024-03-28,$0.6653,$0.6845,$0.6534,$0.6752,88072410.0,1288496717.0
2024-03-29,$0.6752,$0.6863,$0.6607,$0.682,80718954.0,1301460084.0
2024-03-30,$0.682,$0.6843,$0.6563,$0.6619,57468372.0,1263044335.0
2024-03-31,$0.6619,$0.6696,$0.6556,$0.6695,51239325.0,1277571679.0
2024-04-01,$0.6695,$0.6746,$0.6123,$0.6284,90380231.0,1199262265.0
2024-04-02,$0.6284,$0.6284,$0.5803,$0.5842,84796320.0,1114924549.0
2024-04-03,$0.5842,$0.5971,$0.5648,$0.5771,68964070.0,1101267718.0
2024-04-04,$0.5771,$0.6017,$0.5682,$0.5922,64460765.0,1130192688.0
2024-04-05,$0.5922,$0.5974,$0.562,$0.5906,63889824.0,1127092934.0
2024-04-06,$0.5906,$0.5955,$0.5834,$0.5907,41449850.0,1127176218.0
2024-04-07,$0.5907,$0.5999,$0.5879,$0.5947,49413171.0,1134863603.0
2024-04-08,$0.5947,$0.6304,$0.5847,$0.6255,64616056.0,1193742551.0
2024-04-09,$0.6255,$0.6369,$0.6047,$0.6122,92974814.0,1168234773.0
2024-04-10,$0.6122,$0.6277,$0.5814,$0.6092,87401813.0,1162464991.0
2024-04-11,$0.6092,$0.6361,$0.6043,$0.6084,71265374.0,1161081658.0
2024-04-12,$0.6084,$0.6235,$0.4945,$0.5173,113700828.0,987125166.0
2024-04-13,$0.5173,$0.5173,$0.374,$0.4194,160627406.0,800371123.0
2024-04-14,$0.4194,$0.4481,$0.399,$0.4436,124101780.0,846578989.0
2024-04-15,$0.4436,$0.4658,$0.4137,$0.4236,90387161.0,808376401.0
2024-04-16,$0.4236,$0.4378,$0.4058,$0.4338,72406310.0,827783214.0
2024-04-17,$0.4338,$0.4391,$0.4094,$0.4249,59940233.0,810816918.0
2024-04-18,$0.4249,$0.4403,$0.4156,$0.4344,58651878.0,828915258.0
2024-04-19,$0.4344,$0.4444,$0.3991,$0.4335,86614820.0,827200995.0
2024-04-20,$0.4335,$0.4728,$0.4286,$0.4705,51487256.0,897851121.0
2024-04-21,$0.4705,$0.4755,$0.4546,$0.4629,44765369.0,883344682.0
2024-04-22,$0.4629,$0.4859,$0.4627,$0.4815,52903721.0,918824279.0
2024-04-23,$0.4815,$0.4853,$0.4722,$0.4788,47500891.0,913776437.0
2024-04-24,$0.4788,$0.4992,$0.4578,$0.4629,65834409.0,883381974.0
2024-04-25,$0.4629,$0.473,$0.4454,$0.4652,51609524.0,887702725.0
2024-04-26,$0.4652,$0.4654,$0.4456,$0.4521,41417715.0,862759209.0
2024-04-27,$0.4521,$0.4575,$0.4376,$0.4525,46021552.0,863562348.0
2024-04-28,$0.4525,$0.4676,$0.4443,$0.445,38414295.0,849197104.0
2024-04-29,$0.445,$0.4462,$0.426,$0.437,54139085.0,833874446.0
2024-04-30,$0.437,$0.442,$0.4019,$0.4167,64500588.0,795240706.0
2024-05-01,$0.4167,$0.4277,$0.3959,$0.424,67603706.0,809103475.0
2024-05-02,$0.424,$0.4358,$0.4108,$0.4313,47796980.0,823100989.0
2024-05-03,$0.4313,$0.4524,$0.427,$0.4484,45237515.0,855631342.0
2024-05-04,$0.4484,$0.4527,$0.4444,$0.4471,39855440.0,853230720.0
2024-05-05,$0.4471,$0.4563,$0.4393,$0.4478,35024089.0,854461527.0
2024-05-06,$0.4478,$0.4631,$0.4406,$0.4409,54604686.0,841296159.0
2024-05-07,$0.4409,$0.4445,$0.4291,$0.4296,40770316.0,819802099.0
2024-05-08,$0.4296,$0.4334,$0.4196,$0.4272,44540249.0,815272568.0
2024-05-09,$0.4272,$0.4391,$0.4164,$0.4362,41548857.0,832438469.0
2024-05-10,$0.4362,$0.4425,$0.4111,$0.4133,47523646.0,788648576.0
2024-05-11,$0.4133,$0.4219,$0.4129,$0.414,29286470.0,789983729.0
2024-05-12,$0.414,$0.4185,$0.4044,$0.4065,30126138.0,775769853.0
2024-05-13,$0.4065,$0.4148,$0.3944,$0.406,48382891.0,774698272.0
2024-05-14,$0.406,$0.4114,$0.3989,$0.4,49092979.0,763299004.0
2024-05-15,$0.4,$0.4351,$0.3982,$0.4309,52840264.0,822210214.0
2024-05-16,$0.4309,$0.4339,$0.4201,$0.4283,47328810.0,817414474.0
2024-05-17,$0.4283,$0.4444,$0.4261,$0.4357,51046026.0,831527087.0
2024-05-18,$0.4357,$0.4367,$0.4303,$0.4363,33938563.0,832536809.0
2024-05-19,$0.4363,$0.4407,$0.4183,$0.4201,35535550.0,801694811.0
2024-05-20,$0.4201,$0.4665,$0.4159,$0.4663,115522341.0,889815177.0
2024-05-21,$0.4663,$0.474,$0.4605,$0.4676,78365082.0,892244893.0
2024-05-22,$0.4676,$0.4729,$0.4558,$0.4607,59161573.0,879184759.0
2024-05-23,$0.4607,$0.4684,$0.4269,$0.4482,77016499.0,855376069.0
2024-05-24,$0.4482,$0.4613,$0.441,$0.4541,53146878.0,866648465.0
2024-05-25,$0.4541,$0.4652,$0.4531,$0.4652,38581890.0,887748395.0
2024-05-26,$0.4652,$0.468,$0.4448,$0.4471,37606335.0,853117367.0
2024-05-27,$0.4471,$0.4759,$0.4438,$0.4686,58654545.0,894281289.0
2024-05-28,$0.4686,$0.4715,$0.4467,$0.4544,61739215.0,867155138.0
2024-05-29,$0.4544,$0.4757,$0.4495,$0.4525,66294694.0,863605975.0
2024-05-30,$0.4525,$0.4629,$0.44,$0.4453,53948063.0,849686188.0
2024-05-31,$0.4453,$0.4465,$0.4287,$0.4448,55696080.0,848856452.0
2024-06-01,$0.4448,$0.4525,$0.442,$0.4493,39201288.0,857372923.0
2024-06-02,$0.4493,$0.4611,$0.4417,$0.4418,48757263.0,843185750.0
2024-06-03,$0.4418,$0.4752,$0.4374,$0.4514,75133118.0,861320955.0
2024-06-04,$0.4514,$0.467,$0.4487,$0.467,59139551.0,891162969.0
2024-06-05,$0.467,$0.4745,$0.464,$0.472,53270057.0,900757694.0
2024-06-06,$0.472,$0.4866,$0.4668,$0.4766,64938170.0,909515823.0
2024-06-07,$0.4766,$0.4782,$0.4094,$0.4367,75979335.0,833396129.0
2024-06-08,$0.4367,$0.4391,$0.4083,$0.4128,75987656.0,787737651.0
2024-06-09,$0.4128,$0.4249,$0.4103,$0.4216,130218945.0,804614523.0
2024-06-10,$0.4216,$0.4258,$0.4115,$0.4136,145733224.0,789373722.0
2024-06-11,$0.4136,$0.4136,$0.3874,$0.3933,158814141.0,750554215.0
2024-06-12,$0.3933,$0.4181,$0.3883,$0.4128,81818426.0,787847991.0
2024-06-13,$0.4129,$0.4136,$0.3939,$0.3963,65603082.0,756210503.0
2024-06-14,$0.3963,$0.4008,$0.3743,$0.3838,57563174.0,732416196.0
